Run,ReleaseDate,spots,bases,avgLength,size_MB,AssemblyName,download_path,Experiment,LibraryName,LibraryStrategy,LibrarySelection,LibrarySource,LibraryLayout,InsertSize,Platform,Model,SRAStudy,BioProject,Study_Pubmed_id,ProjectID,Sample,BioSample,TaxID,ScientificName,SampleName,Submission,Consent
SRR031714,2010-01-15 10:42:00,5327425,394229450,74,396,,ftp://ftp-private.ncbi.nlm.nih.gov/sra/sra-instant/reads/ByRun/sra/SRR/SRR031/SRR031714/SRR031714.sra,SRX014459,S2_DRSC_Untreated-3,RNA-Seq,cDNA,TRANSCRIPTOMIC,PAIRED,200,ILLUMINA,Illumina Genome Analyzer II,SRP001537,GEO Series accession: GSE18508,20921232,168994,SRS008447,,7227,Drosophila melanogaster,Drosophila melanogaster,SRA010243,public
SRR031715,2010-01-21 14:24:18,5248396,388381304,74,390,,ftp://ftp-private.ncbi.nlm.nih.gov/sra/sra-instant/reads/ByRun/sra/SRR/SRR031/SRR031715/SRR031715.sra,SRX014459,S2_DRSC_Untreated-3,RNA-Seq,cDNA,TRANSCRIPTOMIC,PAIRED,200,ILLUMINA,Illumina Genome Analyzer II,SRP001537,GEO Series accession: GSE18508,20921232,168994,SRS008447,,7227,Drosophila melanogaster,Drosophila melanogaster,SRA010243,public
SRR031716,2010-01-15 11:07:27,5921707,438206318,74,440,,ftp://ftp-private.ncbi.nlm.nih.gov/sra/sra-instant/reads/ByRun/sra/SRR/SRR031/SRR031716/SRR031716.sra,SRX014460,S2_DRSC_Untreated-4,RNA-Seq,cDNA,TRANSCRIPTOMIC,PAIRED,200,ILLUMINA,Illumina Genome Analyzer II,SRP001537,GEO Series accession: GSE18508,20921232,168994,SRS008448,,7227,Drosophila melanogaster,Drosophila melanogaster,SRA010243,public
SRR031717,2010-01-15 11:08:24,6308395,466821230,74,469,,ftp://ftp-private.ncbi.nlm.nih.gov/sra/sra-instant/reads/ByRun/sra/SRR/SRR031/SRR031717/SRR031717.sra,SRX014460,S2_DRSC_Untreated-4,RNA-Seq,cDNA,TRANSCRIPTOMIC,PAIRED,200,ILLUMINA,Illumina Genome Analyzer II,SRP001537,GEO Series accession: GSE18508,20921232,168994,SRS008448,,7227,Drosophila melanogaster,Drosophila melanogaster,SRA010243,public
SRR031724,2010-01-15 11:09:16,5962418,441218932,74,443,,ftp://ftp-private.ncbi.nlm.nih.gov/sra/sra-instant/reads/ByRun/sra/SRR/SRR031/SRR031724/SRR031724.sra,SRX014462,S2_DRSC_CG8144_RNAi-3,RNA-Seq,cDNA,TRANSCRIPTOMIC,PAIRED,200,ILLUMINA,Illumina Genome Analyzer II,SRP001537,GEO Series accession: GSE18508,20921232,168994,SRS008450,,7227,Drosophila melanogaster,Drosophila melanogaster,SRA010243,public
SRR031725,2010-01-15 11:08:23,6301052,466277848,74,468,,ftp://ftp-private.ncbi.nlm.nih.gov/sra/sra-instant/reads/ByRun/sra/SRR/SRR031/SRR031725/SRR031725.sra,SRX014462,S2_DRSC_CG8144_RNAi-3,RNA-Seq,cDNA,TRANSCRIPTOMIC,PAIRED,200,ILLUMINA,Illumina Genome Analyzer II,SRP001537,GEO Series accession: GSE18508,20921232,168994,SRS008450,,7227,Drosophila melanogaster,Drosophila melanogaster,SRA010243,public
SRR031726,2010-01-15 11:09:46,6372581,471570994,74,474,,ftp://ftp-private.ncbi.nlm.nih.gov/sra/sra-instant/reads/ByRun/sra/SRR/SRR031/SRR031726/SRR031726.sra,SRX014463,S2_DRSC_CG8144_RNAi-4,RNA-Seq,cDNA,TRANSCRIPTOMIC,PAIRED,200,ILLUMINA,Illumina Genome Analyzer II,SRP001537,GEO Series accession: GSE18508,20921232,168994,SRS008451,,7227,Drosophila melanogaster,Drosophila melanogaster,SRA010243,public
SRR031727,2010-01-15 11:09:13,6094577,450998698,74,453,,ftp://ftp-private.ncbi.nlm.nih.gov/sra/sra-instant/reads/ByRun/sra/SRR/SRR031/SRR031727/SRR031727.sra,SRX014463,S2_DRSC_CG8144_RNAi-4,RNA-Seq,cDNA,TRANSCRIPTOMIC,PAIRED,200,ILLUMINA,Illumina Genome Analyzer II,SRP001537,GEO Series accession: GSE18508,20921232,168994,SRS008451,,7227,Drosophila melanogaster,Drosophila melanogaster,SRA010243,public
SRR031780,2009-12-16 14:13:08,6319080,473931000,75,476,,ftp://ftp-private.ncbi.nlm.nih.gov/sra/sra-instant/reads/ByRun/sra/SRR/SRR031/SRR031780/SRR031780.sra,SRX014490,S2_DRSC_CG3249_RNAi-2,RNA-Seq,cDNA,TRANSCRIPTOMIC,SINGLE,0,ILLUMINA,Illumina Genome Analyzer II,SRP001537,GEO Series accession: GSE18508,20921232,168994,SRS008478,,7227,Drosophila melanogaster,Drosophila melanogaster,SRA010243,public
SRR031781,2009-12-16 11:31:39,10115038,758627850,75,762,,ftp://ftp-private.ncbi.nlm.nih.gov/sra/sra-instant/reads/ByRun/sra/SRR/SRR031/SRR031781/SRR031781.sra,SRX014491,S2_DRSC_CG7878_RNAi-1,RNA-Seq,cDNA,TRANSCRIPTOMIC,SINGLE,0,ILLUMINA,Illumina Genome Analyzer II,SRP001537,GEO Series accession: GSE18508,20921232,168994,SRS008479,,7227,Drosophila melanogaster,Drosophila melanogaster,SRA010243,public
SRR031782,2009-12-16 13:51:30,7869771,590232825,75,592,,ftp://ftp-private.ncbi.nlm.nih.gov/sra/sra-instant/reads/ByRun/sra/SRR/SRR031/SRR031782/SRR031782.sra,SRX014491,S2_DRSC_CG7878_RNAi-1,RNA-Seq,cDNA,TRANSCRIPTOMIC,SINGLE,0,ILLUMINA,Illumina Genome Analyzer II,SRP001537,GEO Series accession: GSE18508,20921232,168994,SRS008479,,7227,Drosophila melanogaster,Drosophila melanogaster,SRA010243,public
SRR031783,2009-12-16 14:12:47,5281561,396117075,75,397,,ftp://ftp-private.ncbi.nlm.nih.gov/sra/sra-instant/reads/ByRun/sra/SRR/SRR031/SRR031783/SRR031783.sra,SRX014492,S2_DRSC_CG7878_RNAi-2,RNA-Seq,cDNA,TRANSCRIPTOMIC,SINGLE,0,ILLUMINA,Illumina Genome Analyzer II,SRP001537,GEO Series accession: GSE18508,20921232,168994,SRS008480,,7227,Drosophila melanogaster,Drosophila melanogaster,SRA010243,public
SRR074420,2010-12-03 14:19:02,20937070,1591217320,76,1597,,ftp://ftp-private.ncbi.nlm.nih.gov/sra/sra-instant/reads/ByRun/sra/SRR/SRR074/SRR074420/SRR074420.sra,SRX032494,GSM461190: S2_DRSC_CG13425_RNAi-1,RNA-Seq,cDNA,OTHER,SINGLE,0,ILLUMINA,Illumina Genome Analyzer II,SRP001537,GEO Series accession: GSE18508,20921232,168994,SRS140113,,7227,Drosophila melanogaster,Drosophila melanogaster,SRA010243,public
SRR074421,2010-12-03 14:34:28,26715612,2030386512,76,2038,,ftp://ftp-private.ncbi.nlm.nih.gov/sra/sra-instant/reads/ByRun/sra/SRR/SRR074/SRR074421/SRR074421.sra,SRX032495,GSM461193: S2_DRSC_CG5655_RNAi-1,RNA-Seq,cDNA,OTHER,SINGLE,0,ILLUMINA,Illumina Genome Analyzer II,SRP001537,GEO Series accession: GSE18508,20921232,168994,SRS140114,,7227,Drosophila melanogaster,Drosophila melanogaster,SRA010243,public
SRR074422,2010-12-03 14:17:40,19516194,1522263132,78,1526,,ftp://ftp-private.ncbi.nlm.nih.gov/sra/sra-instant/reads/ByRun/sra/SRR/SRR074/SRR074422/SRR074422.sra,SRX032496,GSM461197: S2_DRSC_CG5442_RNAi-1,RNA-Seq,cDNA,OTHER,SINGLE,0,ILLUMINA,Illumina Genome Analyzer II,SRP001537,GEO Series accession: GSE18508,20921232,168994,SRS140115,,7227,Drosophila melanogaster,Drosophila melanogaster,SRA010243,public
SRR074423,2010-12-03 14:27:34,22621132,1809690560,80,1812,,ftp://ftp-private.ncbi.nlm.nih.gov/sra/sra-instant/reads/ByRun/sra/SRR/SRR074/SRR074423/SRR074423.sra,SRX032496,GSM461197: S2_DRSC_CG5442_RNAi-1,RNA-Seq,cDNA,OTHER,SINGLE,0,ILLUMINA,Illumina Genome Analyzer II,SRP001537,GEO Series accession: GSE18508,20921232,168994,SRS140115,,7227,Drosophila melanogaster,Drosophila melanogaster,SRA010243,public
SRR074424,2010-12-03 14:41:17,28300207,2150815732,76,2159,,ftp://ftp-private.ncbi.nlm.nih.gov/sra/sra-instant/reads/ByRun/sra/SRR/SRR074/SRR074424/SRR074424.sra,SRX032497,GSM461207: S2_DRSC_CG3249_RNAi-1,RNA-Seq,cDNA,OTHER,SINGLE,0,ILLUMINA,Illumina Genome Analyzer II,SRP001537,GEO Series accession: GSE18508,20921232,168994,SRS140116,,7227,Drosophila melanogaster,Drosophila melanogaster,SRA010243,public
SRR074425,2010-12-03 14:24:38,21142613,1606838588,76,1613,,ftp://ftp-private.ncbi.nlm.nih.gov/sra/sra-instant/reads/ByRun/sra/SRR/SRR074/SRR074425/SRR074425.sra,SRX032498,GSM461208: S2_DRSC_CG3249_RNAi-2,RNA-Seq,cDNA,OTHER,SINGLE,0,ILLUMINA,Illumina Genome Analyzer II,SRP001537,GEO Series accession: GSE18508,20921232,168994,SRS140117,,7227,Drosophila melanogaster,Drosophila melanogaster,SRA010243,public
SRR074426,2010-12-03 14:31:18,23474899,1784092324,76,1791,,ftp://ftp-private.ncbi.nlm.nih.gov/sra/sra-instant/reads/ByRun/sra/SRR/SRR074/SRR074426/SRR074426.sra,SRX032499,GSM461209: S2_DRSC_CG7878_RNAi-1,RNA-Seq,cDNA,OTHER,SINGLE,0,ILLUMINA,Illumina Genome Analyzer II,SRP001537,GEO Series accession: GSE18508,20921232,168994,SRS140118,,7227,Drosophila melanogaster,Drosophila melanogaster,SRA010243,public
SRR074427,2010-12-03 14:33:47,23578286,1791949736,76,1798,,ftp://ftp-private.ncbi.nlm.nih.gov/sra/sra-instant/reads/ByRun/sra/SRR/SRR074/SRR074427/SRR074427.sra,SRX032500,GSM461210: S2_DRSC_CG7878_RNAi-2,RNA-Seq,cDNA,OTHER,SINGLE,0,ILLUMINA,Illumina Genome Analyzer II,SRP001537,GEO Series accession: GSE18508,20921232,168994,SRS140119,,7227,Drosophila melanogaster,Drosophila melanogaster,SRA010243,public
SRR074428,2010-12-03 15:02:06,13617671,1034942996,76,1038,,ftp://ftp-private.ncbi.nlm.nih.gov/sra/sra-instant/reads/ByRun/sra/SRR/SRR074/SRR074428/SRR074428.sra,SRX032506,GSM627333: S2_DRSC_Untreated_RNAi-31,RNA-Seq,cDNA,TRANSCRIPTOMIC,SINGLE,0,ILLUMINA,Illumina Genome Analyzer II,SRP001537,GEO Series accession: GSE18508,20921232,168994,SRS140123,,7227,Drosophila melanogaster,Drosophila melanogaster,SRA010243,public
SRR074429,2010-12-03 16:55:30,22070471,1765637680,80,1768,,ftp://ftp-private.ncbi.nlm.nih.gov/sra/sra-instant/reads/ByRun/sra/SRR/SRR074/SRR074429/SRR074429.sra,SRX032507,GSM627334: S2_DRSC_Untreated_RNAi-32,RNA-Seq,cDNA,TRANSCRIPTOMIC,SINGLE,0,ILLUMINA,Illumina Genome Analyzer II,SRP001537,GEO Series accession: GSE18508,20921232,168994,SRS140124,,7227,Drosophila melanogaster,Drosophila melanogaster,SRA010243,public
SRR074430,2010-12-03 14:30:44,657900,50000400,76,50,,ftp://ftp-private.ncbi.nlm.nih.gov/sra/sra-instant/reads/ByRun/sra/SRR/SRR074/SRR074430/SRR074430.sra,SRX032508,GSM627335: S2-DRSC-CG10128-RNAi-2,RNA-Seq,cDNA,TRANSCRIPTOMIC,SINGLE,0,ILLUMINA,Illumina Genome Analyzer II,SRP001537,GEO Series accession: GSE18508,20921232,168994,SRS140125,,7227,Drosophila melanogaster,Drosophila melanogaster,SRA010243,public
SRR074431,2010-12-03 14:52:12,8036727,610791252,76,613,,ftp://ftp-private.ncbi.nlm.nih.gov/sra/sra-instant/reads/ByRun/sra/SRR/SRR074/SRR074431/SRR074431.sra,SRX032508,GSM627335: S2-DRSC-CG10128-RNAi-2,RNA-Seq,cDNA,TRANSCRIPTOMIC,SINGLE,0,ILLUMINA,Illumina Genome Analyzer II,SRP001537,GEO Series accession: GSE18508,20921232,168994,SRS140125,,7227,Drosophila melanogaster,Drosophila melanogaster,SRA010243,public
SRR074432,2010-12-08 08:37:25,28253867,2260309360,80,2264,,ftp://ftp-private.ncbi.nlm.nih.gov/sra/sra-instant/reads/ByRun/sra/SRR/SRR074/SRR074432/SRR074432.sra,SRX032508,GSM627335: S2-DRSC-CG10128-RNAi-2,RNA-Seq,cDNA,TRANSCRIPTOMIC,SINGLE,0,ILLUMINA,Illumina Genome Analyzer II,SRP001537,GEO Series accession: GSE18508,20921232,168994,SRS140125,,7227,Drosophila melanogaster,Drosophila melanogaster,SRA010243,public
SRR074433,2010-12-08 08:08:15,16402838,1246615688,76,1252,,ftp://ftp-private.ncbi.nlm.nih.gov/sra/sra-instant/reads/ByRun/sra/SRR/SRR074/SRR074433/SRR074433.sra,SRX032509,GSM627336: S2-DRSC-CG10203-RNAi-2,RNA-Seq,cDNA,TRANSCRIPTOMIC,SINGLE,0,ILLUMINA,Illumina Genome Analyzer II,SRP001537,GEO Series accession: GSE18508,20921232,168994,SRS140126,,7227,Drosophila melanogaster,Drosophila melanogaster,SRA010243,public
SRR074434,2010-12-03 16:43:20,8651930,692154400,80,693,,ftp://ftp-private.ncbi.nlm.nih.gov/sra/sra-instant/reads/ByRun/sra/SRR/SRR074/SRR074434/SRR074434.sra,SRX032510,GSM627337: S2-DRSC-CG10279_RNAi-1,RNA-Seq,cDNA,TRANSCRIPTOMIC,SINGLE,0,ILLUMINA,Illumina Genome Analyzer II,SRP001537,GEO Series accession: GSE18508,20921232,168994,SRS140127,,7227,Drosophila melanogaster,Drosophila melanogaster,SRA010243,public
SRR074435,2010-12-03 18:15:51,10468019,837441520,80,838,,ftp://ftp-private.ncbi.nlm.nih.gov/sra/sra-instant/reads/ByRun/sra/SRR/SRR074/SRR074435/SRR074435.sra,SRX032510,GSM627337: S2-DRSC-CG10279_RNAi-1,RNA-Seq,cDNA,TRANSCRIPTOMIC,SINGLE,0,ILLUMINA,Illumina Genome Analyzer II,SRP001537,GEO Series accession: GSE18508,20921232,168994,SRS140127,,7227,Drosophila melanogaster,Drosophila melanogaster,SRA010243,public
SRR074436,2010-12-03 18:07:29,6109077,488726160,80,489,,ftp://ftp-private.ncbi.nlm.nih.gov/sra/sra-instant/reads/ByRun/sra/SRR/SRR074/SRR074436/SRR074436.sra,SRX032511,GSM627338: S2-DRSC-CG10279_RNAi-2,RNA-Seq,cDNA,TRANSCRIPTOMIC,SINGLE,0,ILLUMINA,Illumina Genome Analyzer II,SRP001537,GEO Series accession: GSE18508,20921232,168994,SRS140128,,7227,Drosophila melanogaster,Drosophila melanogaster,SRA010243,public
SRR074437,2010-12-03 18:36:30,11299174,903933920,80,905,,ftp://ftp-private.ncbi.nlm.nih.gov/sra/sra-instant/reads/ByRun/sra/SRR/SRR074/SRR074437/SRR074437.sra,SRX032511,GSM627338: S2-DRSC-CG10279_RNAi-2,RNA-Seq,cDNA,TRANSCRIPTOMIC,SINGLE,0,ILLUMINA,Illumina Genome Analyzer II,SRP001537,GEO Series accession: GSE18508,20921232,168994,SRS140128,,7227,Drosophila melanogaster,Drosophila melanogaster,SRA010243,public
SRR074438,2010-12-03 18:36:10,7487749,599019920,80,599,,ftp://ftp-private.ncbi.nlm.nih.gov/sra/sra-instant/reads/ByRun/sra/SRR/SRR074/SRR074438/SRR074438.sra,SRX032511,GSM627338: S2-DRSC-CG10279_RNAi-2,RNA-Seq,cDNA,TRANSCRIPTOMIC,SINGLE,0,ILLUMINA,Illumina Genome Analyzer II,SRP001537,GEO Series accession: GSE18508,20921232,168994,SRS140128,,7227,Drosophila melanogaster,Drosophila melanogaster,SRA010243,public
SRR074439,2010-12-03 18:52:48,6010702,468834756,78,470,,ftp://ftp-private.ncbi.nlm.nih.gov/sra/sra-instant/reads/ByRun/sra/SRR/SRR074/SRR074439/SRR074439.sra,SRX032512,GSM627339: S2-DRSC-CG10328_RNAi-1,RNA-Seq,cDNA,TRANSCRIPTOMIC,SINGLE,0,ILLUMINA,Illumina Genome Analyzer II,SRP001537,GEO Series accession: GSE18508,20921232,168994,SRS140129,,7227,Drosophila melanogaster,Drosophila melanogaster,SRA010243,public
SRR074440,2010-12-03 19:35:18,22011027,1716860106,78,1721,,ftp://ftp-private.ncbi.nlm.nih.gov/sra/sra-instant/reads/ByRun/sra/SRR/SRR074/SRR074440/SRR074440.sra,SRX032513,GSM627340: S2-DRSC-CG10328_RNAi-2,RNA-Seq,cDNA,TRANSCRIPTOMIC,SINGLE,0,ILLUMINA,Illumina Genome Analyzer II,SRP001537,GEO Series accession: GSE18508,20921232,168994,SRS140130,,7227,Drosophila melanogaster,Drosophila melanogaster,SRA010243,public
SRR074441,2010-12-03 19:12:53,7744049,604035822,78,605,,ftp://ftp-private.ncbi.nlm.nih.gov/sra/sra-instant/reads/ByRun/sra/SRR/SRR074/SRR074441/SRR074441.sra,SRX032514,GSM627341: S2-DRSC-CG10377_RNAi-1,RNA-Seq,cDNA,TRANSCRIPTOMIC,SINGLE,0,ILLUMINA,Illumina Genome Analyzer II,SRP001537,GEO Series accession: GSE18508,20921232,168994,SRS140131,,7227,Drosophila melanogaster,Drosophila melanogaster,SRA010243,public
SRR074442,2010-12-03 19:57:39,25182780,1964256840,78,1969,,ftp://ftp-private.ncbi.nlm.nih.gov/sra/sra-instant/reads/ByRun/sra/SRR/SRR074/SRR074442/SRR074442.sra,SRX032515,GSM627342: S2-DRSC-CG10377_RNAi-2,RNA-Seq,cDNA,TRANSCRIPTOMIC,SINGLE,0,ILLUMINA,Illumina Genome Analyzer II,SRP001537,GEO Series accession: GSE18508,20921232,168994,SRS140132,,7227,Drosophila melanogaster,Drosophila melanogaster,SRA010243,public
SRR074443,2010-12-03 15:13:03,15155146,1151791096,76,1156,,ftp://ftp-private.ncbi.nlm.nih.gov/sra/sra-instant/reads/ByRun/sra/SRR/SRR074/SRR074443/SRR074443.sra,SRX032516,GSM627343: S2-DRSC-CG10851-RNAi-2,RNA-Seq,cDNA,TRANSCRIPTOMIC,SINGLE,0,ILLUMINA,Illumina Genome Analyzer II,SRP001537,GEO Series accession: GSE18508,20921232,168994,SRS140133,,7227,Drosophila melanogaster,Drosophila melanogaster,SRA010243,public
SRR074444,2010-12-08 08:56:02,31136921,2490953680,80,2495,,ftp://ftp-private.ncbi.nlm.nih.gov/sra/sra-instant/reads/ByRun/sra/SRR/SRR074/SRR074444/SRR074444.sra,SRX032516,GSM627343: S2-DRSC-CG10851-RNAi-2,RNA-Seq,cDNA,TRANSCRIPTOMIC,SINGLE,0,ILLUMINA,Illumina Genome Analyzer II,SRP001537,GEO Series accession: GSE18508,20921232,168994,SRS140133,,7227,Drosophila melanogaster,Drosophila melanogaster,SRA010243,public
SRR074445,2010-12-03 15:13:47,14346436,1119022008,78,1121,,ftp://ftp-private.ncbi.nlm.nih.gov/sra/sra-instant/reads/ByRun/sra/SRR/SRR074/SRR074445/SRR074445.sra,SRX032517,GSM627344: S2-DRSC-CG1101-RNAi-1,RNA-Seq,cDNA,TRANSCRIPTOMIC,SINGLE,0,ILLUMINA,Illumina Genome Analyzer II,SRP001537,GEO Series accession: GSE18508,20921232,168994,SRS140134,,7227,Drosophila melanogaster,Drosophila melanogaster,SRA010243,public
SRR074446,2010-12-03 15:29:51,19034653,1484702934,78,1488,,ftp://ftp-private.ncbi.nlm.nih.gov/sra/sra-instant/reads/ByRun/sra/SRR/SRR074/SRR074446/SRR074446.sra,SRX032518,GSM627345: S2-DRSC-CG1101-RNAi-2,RNA-Seq,cDNA,TRANSCRIPTOMIC,SINGLE,0,ILLUMINA,Illumina Genome Analyzer II,SRP001537,GEO Series accession: GSE18508,20921232,168994,SRS140135,,7227,Drosophila melanogaster,Drosophila melanogaster,SRA010243,public
SRR074447,2010-12-03 19:17:43,7410667,578032026,78,579,,ftp://ftp-private.ncbi.nlm.nih.gov/sra/sra-instant/reads/ByRun/sra/SRR/SRR074/SRR074447/SRR074447.sra,SRX032519,GSM627346: S2-DRSC-CG11266-RNAi-1,RNA-Seq,cDNA,TRANSCRIPTOMIC,SINGLE,0,ILLUMINA,Illumina Genome Analyzer II,SRP001537,GEO Series accession: GSE18508,20921232,168994,SRS140136,,7227,Drosophila melanogaster,Drosophila melanogaster,SRA010243,public
SRR074448,2010-12-08 08:30:54,24106992,1880345376,78,1886,,ftp://ftp-private.ncbi.nlm.nih.gov/sra/sra-instant/reads/ByRun/sra/SRR/SRR074/SRR074448/SRR074448.sra,SRX032520,GSM627347: S2-DRSC-CG11266-RNAi-2,RNA-Seq,cDNA,TRANSCRIPTOMIC,SINGLE,0,ILLUMINA,Illumina Genome Analyzer II,SRP001537,GEO Series accession: GSE18508,20921232,168994,SRS140137,,7227,Drosophila melanogaster,Drosophila melanogaster,SRA010243,public
SRR074449,2010-12-03 19:31:54,3548739,269704164,76,270,,ftp://ftp-private.ncbi.nlm.nih.gov/sra/sra-instant/reads/ByRun/sra/SRR/SRR074/SRR074449/SRR074449.sra,SRX032521,GSM627348: S2-DRSC-CG12749-RNAi-2,RNA-Seq,cDNA,TRANSCRIPTOMIC,SINGLE,0,ILLUMINA,Illumina Genome Analyzer II,SRP001537,GEO Series accession: GSE18508,20921232,168994,SRS140138,,7227,Drosophila melanogaster,Drosophila melanogaster,SRA010243,public
SRR074450,2010-12-03 20:11:32,14603699,1109881124,76,1114,,ftp://ftp-private.ncbi.nlm.nih.gov/sra/sra-instant/reads/ByRun/sra/SRR/SRR074/SRR074450/SRR074450.sra,SRX032521,GSM627348: S2-DRSC-CG12749-RNAi-2,RNA-Seq,cDNA,TRANSCRIPTOMIC,SINGLE,0,ILLUMINA,Illumina Genome Analyzer II,SRP001537,GEO Series accession: GSE18508,20921232,168994,SRS140138,,7227,Drosophila melanogaster,Drosophila melanogaster,SRA010243,public
SRR074451,2010-12-03 20:26:35,20135799,1530320724,76,1536,,ftp://ftp-private.ncbi.nlm.nih.gov/sra/sra-instant/reads/ByRun/sra/SRR/SRR074/SRR074451/SRR074451.sra,SRX032522,GSM627349: S2-DRSC-CG13425_RNAi-2,RNA-Seq,cDNA,TRANSCRIPTOMIC,SINGLE,0,ILLUMINA,Illumina Genome Analyzer II,SRP001537,GEO Series accession: GSE18508,20921232,168994,SRS140139,,7227,Drosophila melanogaster,Drosophila melanogaster,SRA010243,public
SRR074452,2010-12-03 20:18:37,16188774,1230346824,76,1235,,ftp://ftp-private.ncbi.nlm.nih.gov/sra/sra-instant/reads/ByRun/sra/SRR/SRR074/SRR074452/SRR074452.sra,SRX032522,GSM627349: S2-DRSC-CG13425_RNAi-2,RNA-Seq,cDNA,TRANSCRIPTOMIC,SINGLE,0,ILLUMINA,Illumina Genome Analyzer II,SRP001537,GEO Series accession: GSE18508,20921232,168994,SRS140139,,7227,Drosophila melanogaster,Drosophila melanogaster,SRA010243,public
SRR074453,2010-12-03 20:10:29,4771531,362636356,76,364,,ftp://ftp-private.ncbi.nlm.nih.gov/sra/sra-instant/reads/ByRun/sra/SRR/SRR074/SRR074453/SRR074453.sra,SRX032523,GSM627350: S2-DRSC-CG1559-RNAi-2,RNA-Seq,cDNA,TRANSCRIPTOMIC,SINGLE,0,ILLUMINA,Illumina Genome Analyzer II,SRP001537,GEO Series accession: GSE18508,20921232,168994,SRS140140,,7227,Drosophila melanogaster,Drosophila melanogaster,SRA010243,public
SRR074454,2010-12-03 20:58:51,17540253,1333059228,76,1338,,ftp://ftp-private.ncbi.nlm.nih.gov/sra/sra-instant/reads/ByRun/sra/SRR/SRR074/SRR074454/SRR074454.sra,SRX032523,GSM627350: S2-DRSC-CG1559-RNAi-2,RNA-Seq,cDNA,TRANSCRIPTOMIC,SINGLE,0,ILLUMINA,Illumina Genome Analyzer II,SRP001537,GEO Series accession: GSE18508,20921232,168994,SRS140140,,7227,Drosophila melanogaster,Drosophila melanogaster,SRA010243,public
SRR074455,2010-12-03 21:12:22,22825616,1826049280,80,1828,,ftp://ftp-private.ncbi.nlm.nih.gov/sra/sra-instant/reads/ByRun/sra/SRR/SRR074/SRR074455/SRR074455.sra,SRX032524,GSM627351: S2-DRSC-CG1646_RNAi-1,RNA-Seq,cDNA,TRANSCRIPTOMIC,SINGLE,0,ILLUMINA,Illumina Genome Analyzer II,SRP001537,GEO Series accession: GSE18508,20921232,168994,SRS140141,,7227,Drosophila melanogaster,Drosophila melanogaster,SRA010243,public
SRR074456,2010-12-03 21:25:47,24456527,1956522160,80,1959,,ftp://ftp-private.ncbi.nlm.nih.gov/sra/sra-instant/reads/ByRun/sra/SRR/SRR074/SRR074456/SRR074456.sra,SRX032525,GSM627352: S2-DRSC-CG1646_RNAi-2,RNA-Seq,cDNA,TRANSCRIPTOMIC,SINGLE,0,ILLUMINA,Illumina Genome Analyzer II,SRP001537,GEO Series accession: GSE18508,20921232,168994,SRS140142,,7227,Drosophila melanogaster,Drosophila melanogaster,SRA010243,public
SRR074457,2010-12-03 21:14:03,18326717,1429483926,78,1433,,ftp://ftp-private.ncbi.nlm.nih.gov/sra/sra-instant/reads/ByRun/sra/SRR/SRR074/SRR074457/SRR074457.sra,SRX032526,GSM627353: S2-DRSC-CG16788-RNAi-1,RNA-Seq,cDNA,TRANSCRIPTOMIC,SINGLE,0,ILLUMINA,Illumina Genome Analyzer II,SRP001537,GEO Series accession: GSE18508,20921232,168994,SRS140143,,7227,Drosophila melanogaster,Drosophila melanogaster,SRA010243,public
SRR074458,2010-12-08 07:54:12,9146381,713417718,78,715,,ftp://ftp-private.ncbi.nlm.nih.gov/sra/sra-instant/reads/ByRun/sra/SRR/SRR074/SRR074458/SRR074458.sra,SRX032527,GSM627354: S2-DRSC-CG16788-RNAi-2,RNA-Seq,cDNA,TRANSCRIPTOMIC,SINGLE,0,ILLUMINA,Illumina Genome Analyzer II,SRP001537,GEO Series accession: GSE18508,20921232,168994,SRS140144,,7227,Drosophila melanogaster,Drosophila melanogaster,SRA010243,public
SRR074459,2010-12-03 21:49:10,16836049,1279539724,76,1284,,ftp://ftp-private.ncbi.nlm.nih.gov/sra/sra-instant/reads/ByRun/sra/SRR/SRR074/SRR074459/SRR074459.sra,SRX032528,GSM627355: S2-DRSC-CG16901-RNAi-2,RNA-Seq,cDNA,TRANSCRIPTOMIC,SINGLE,0,ILLUMINA,Illumina Genome Analyzer II,SRP001537,GEO Series accession: GSE18508,20921232,168994,SRS140145,,7227,Drosophila melanogaster,Drosophila melanogaster,SRA010243,public
SRR074460,2010-12-03 21:18:17,1081580,82200080,76,82,,ftp://ftp-private.ncbi.nlm.nih.gov/sra/sra-instant/reads/ByRun/sra/SRR/SRR074/SRR074460/SRR074460.sra,SRX032529,GSM627356: S2-DRSC-CG17136-RNAi-2,RNA-Seq,cDNA,TRANSCRIPTOMIC,SINGLE,0,ILLUMINA,Illumina Genome Analyzer II,SRP001537,GEO Series accession: GSE18508,20921232,168994,SRS140146,,7227,Drosophila melanogaster,Drosophila melanogaster,SRA010243,public
SRR074461,2010-12-03 21:42:34,10621185,807210060,76,810,,ftp://ftp-private.ncbi.nlm.nih.gov/sra/sra-instant/reads/ByRun/sra/SRR/SRR074/SRR074461/SRR074461.sra,SRX032529,GSM627356: S2-DRSC-CG17136-RNAi-2,RNA-Seq,cDNA,TRANSCRIPTOMIC,SINGLE,0,ILLUMINA,Illumina Genome Analyzer II,SRP001537,GEO Series accession: GSE18508,20921232,168994,SRS140146,,7227,Drosophila melanogaster,Drosophila melanogaster,SRA010243,public
SRR074462,2010-12-03 22:02:34,17270238,1312538088,76,1317,,ftp://ftp-private.ncbi.nlm.nih.gov/sra/sra-instant/reads/ByRun/sra/SRR/SRR074/SRR074462/SRR074462.sra,SRX032530,GSM627357: S2-DRSC-CG17838-RNAi-2,RNA-Seq,cDNA,TRANSCRIPTOMIC,SINGLE,0,ILLUMINA,Illumina Genome Analyzer II,SRP001537,GEO Series accession: GSE18508,20921232,168994,SRS140147,,7227,Drosophila melanogaster,Drosophila melanogaster,SRA010243,public
SRR074463,2010-12-03 22:01:39,12154542,923745192,76,927,,ftp://ftp-private.ncbi.nlm.nih.gov/sra/sra-instant/reads/ByRun/sra/SRR/SRR074/SRR074463/SRR074463.sra,SRX032531,GSM627358: S2-DRSC-CG18350_RNAi-1,RNA-Seq,cDNA,TRANSCRIPTOMIC,SINGLE,0,ILLUMINA,Illumina Genome Analyzer II,SRP001537,GEO Series accession: GSE18508,20921232,168994,SRS140148,,7227,Drosophila melanogaster,Drosophila melanogaster,SRA010243,public
SRR074464,2010-12-03 22:18:50,13824827,1078336506,78,1081,,ftp://ftp-private.ncbi.nlm.nih.gov/sra/sra-instant/reads/ByRun/sra/SRR/SRR074/SRR074464/SRR074464.sra,SRX032532,GSM627359: S2-DRSC-CG18350_RNAi-2,RNA-Seq,cDNA,TRANSCRIPTOMIC,SINGLE,0,ILLUMINA,Illumina Genome Analyzer II,SRP001537,GEO Series accession: GSE18508,20921232,168994,SRS140149,,7227,Drosophila melanogaster,Drosophila melanogaster,SRA010243,public
SRR074465,2010-12-03 22:34:09,17302890,1315019640,76,1320,,ftp://ftp-private.ncbi.nlm.nih.gov/sra/sra-instant/reads/ByRun/sra/SRR/SRR074/SRR074465/SRR074465.sra,SRX032532,GSM627359: S2-DRSC-CG18350_RNAi-2,RNA-Seq,cDNA,TRANSCRIPTOMIC,SINGLE,0,ILLUMINA,Illumina Genome Analyzer II,SRP001537,GEO Series accession: GSE18508,20921232,168994,SRS140149,,7227,Drosophila melanogaster,Drosophila melanogaster,SRA010243,public
SRR074466,2010-12-03 22:47:26,17552329,1404186320,80,1406,,ftp://ftp-private.ncbi.nlm.nih.gov/sra/sra-instant/reads/ByRun/sra/SRR/SRR074/SRR074466/SRR074466.sra,SRX032532,GSM627359: S2-DRSC-CG18350_RNAi-2,RNA-Seq,cDNA,TRANSCRIPTOMIC,SINGLE,0,ILLUMINA,Illumina Genome Analyzer II,SRP001537,GEO Series accession: GSE18508,20921232,168994,SRS140149,,7227,Drosophila melanogaster,Drosophila melanogaster,SRA010243,public
SRR074467,2010-12-03 22:15:21,3883089,295114764,76,296,,ftp://ftp-private.ncbi.nlm.nih.gov/sra/sra-instant/reads/ByRun/sra/SRR/SRR074/SRR074467/SRR074467.sra,SRX032533,GSM627360: S2-DRSC-CG18426-RNAi-2,RNA-Seq,cDNA,TRANSCRIPTOMIC,SINGLE,0,ILLUMINA,Illumina Genome Analyzer II,SRP001537,GEO Series accession: GSE18508,20921232,168994,SRS140150,,7227,Drosophila melanogaster,Drosophila melanogaster,SRA010243,public
SRR074468,2010-12-03 23:01:13,16810185,1277574060,76,1282,,ftp://ftp-private.ncbi.nlm.nih.gov/sra/sra-instant/reads/ByRun/sra/SRR/SRR074/SRR074468/SRR074468.sra,SRX032533,GSM627360: S2-DRSC-CG18426-RNAi-2,RNA-Seq,cDNA,TRANSCRIPTOMIC,SINGLE,0,ILLUMINA,Illumina Genome Analyzer II,SRP001537,GEO Series accession: GSE18508,20921232,168994,SRS140150,,7227,Drosophila melanogaster,Drosophila melanogaster,SRA010243,public
SRR074469,2010-12-08 08:12:09,15170834,1152983384,76,1158,,ftp://ftp-private.ncbi.nlm.nih.gov/sra/sra-instant/reads/ByRun/sra/SRR/SRR074/SRR074469/SRR074469.sra,SRX032534,GSM627361: S2-DRSC-CG1987-RNAi-2,RNA-Seq,cDNA,TRANSCRIPTOMIC,SINGLE,0,ILLUMINA,Illumina Genome Analyzer II,SRP001537,GEO Series accession: GSE18508,20921232,168994,SRS140151,,7227,Drosophila melanogaster,Drosophila melanogaster,SRA010243,public
SRR074470,2010-12-03 22:59:26,13998058,1063852408,76,1068,,ftp://ftp-private.ncbi.nlm.nih.gov/sra/sra-instant/reads/ByRun/sra/SRR/SRR074/SRR074470/SRR074470.sra,SRX032535,GSM627362: S2-DRSC-CG30122-RNAi-2,RNA-Seq,cDNA,TRANSCRIPTOMIC,SINGLE,0,ILLUMINA,Illumina Genome Analyzer II,SRP001537,GEO Series accession: GSE18508,20921232,168994,SRS140152,,7227,Drosophila melanogaster,Drosophila melanogaster,SRA010243,public
SRR074471,2010-12-03 23:35:06,22400117,1792009360,80,1794,,ftp://ftp-private.ncbi.nlm.nih.gov/sra/sra-instant/reads/ByRun/sra/SRR/SRR074/SRR074471/SRR074471.sra,SRX032535,GSM627362: S2-DRSC-CG30122-RNAi-2,RNA-Seq,cDNA,TRANSCRIPTOMIC,SINGLE,0,ILLUMINA,Illumina Genome Analyzer II,SRP001537,GEO Series accession: GSE18508,20921232,168994,SRS140152,,7227,Drosophila melanogaster,Drosophila melanogaster,SRA010243,public
SRR074472,2010-12-03 22:53:15,865078,65745928,76,66,,ftp://ftp-private.ncbi.nlm.nih.gov/sra/sra-instant/reads/ByRun/sra/SRR/SRR074/SRR074472/SRR074472.sra,SRX032536,GSM627363: S2-DRSC-CG31000-RNAi-2,RNA-Seq,cDNA,TRANSCRIPTOMIC,SINGLE,0,ILLUMINA,Illumina Genome Analyzer II,SRP001537,GEO Series accession: GSE18508,20921232,168994,SRS140153,,7227,Drosophila melanogaster,Drosophila melanogaster,SRA010243,public
SRR074473,2010-12-03 23:38:14,12512358,950939208,76,954,,ftp://ftp-private.ncbi.nlm.nih.gov/sra/sra-instant/reads/ByRun/sra/SRR/SRR074/SRR074473/SRR074473.sra,SRX032536,GSM627363: S2-DRSC-CG31000-RNAi-2,RNA-Seq,cDNA,TRANSCRIPTOMIC,SINGLE,0,ILLUMINA,Illumina Genome Analyzer II,SRP001537,GEO Series accession: GSE18508,20921232,168994,SRS140153,,7227,Drosophila melanogaster,Drosophila melanogaster,SRA010243,public
SRR074474,2010-12-08 08:37:02,24592532,1869032432,76,1877,,ftp://ftp-private.ncbi.nlm.nih.gov/sra/sra-instant/reads/ByRun/sra/SRR/SRR074/SRR074474/SRR074474.sra,SRX032537,GSM627364: S2-DRSC-CG31716-RNAi-1,RNA-Seq,cDNA,TRANSCRIPTOMIC,SINGLE,0,ILLUMINA,Illumina Genome Analyzer II,SRP001537,GEO Series accession: GSE18508,20921232,168994,SRS140154,,7227,Drosophila melanogaster,Drosophila melanogaster,SRA010243,public
SRR074475,2010-12-04 00:38:19,22203464,1687463264,76,1694,,ftp://ftp-private.ncbi.nlm.nih.gov/sra/sra-instant/reads/ByRun/sra/SRR/SRR074/SRR074475/SRR074475.sra,SRX032538,GSM627365: S2-DRSC-CG31716-RNAi-2,RNA-Seq,cDNA,TRANSCRIPTOMIC,SINGLE,0,ILLUMINA,Illumina Genome Analyzer II,SRP001537,GEO Series accession: GSE18508,20921232,168994,SRS140155,,7227,Drosophila melanogaster,Drosophila melanogaster,SRA010243,public
SRR074476,2010-12-04 00:23:36,14563854,1135980612,78,1138,,ftp://ftp-private.ncbi.nlm.nih.gov/sra/sra-instant/reads/ByRun/sra/SRR/SRR074/SRR074476/SRR074476.sra,SRX032539,GSM627366: S2-DRSC-CG32423-RNAi-1,RNA-Seq,cDNA,TRANSCRIPTOMIC,SINGLE,0,ILLUMINA,Illumina Genome Analyzer II,SRP001537,GEO Series accession: GSE18508,20921232,168994,SRS140156,,7227,Drosophila melanogaster,Drosophila melanogaster,SRA010243,public
SRR074477,2010-12-04 00:45:39,18406603,1472528240,80,1474,,ftp://ftp-private.ncbi.nlm.nih.gov/sra/sra-instant/reads/ByRun/sra/SRR/SRR074/SRR074477/SRR074477.sra,SRX032539,GSM627366: S2-DRSC-CG32423-RNAi-1,RNA-Seq,cDNA,TRANSCRIPTOMIC,SINGLE,0,ILLUMINA,Illumina Genome Analyzer II,SRP001537,GEO Series accession: GSE18508,20921232,168994,SRS140156,,7227,Drosophila melanogaster,Drosophila melanogaster,SRA010243,public
SRR074478,2010-12-08 07:59:08,7710938,601453164,78,603,,ftp://ftp-private.ncbi.nlm.nih.gov/sra/sra-instant/reads/ByRun/sra/SRR/SRR074/SRR074478/SRR074478.sra,SRX032540,GSM627367: S2-DRSC-CG32423-RNAi-2,RNA-Seq,cDNA,TRANSCRIPTOMIC,SINGLE,0,ILLUMINA,Illumina Genome Analyzer II,SRP001537,GEO Series accession: GSE18508,20921232,168994,SRS140157,,7227,Drosophila melanogaster,Drosophila melanogaster,SRA010243,public
SRR074479,2010-12-08 08:16:43,15313377,1163816652,76,1168,,ftp://ftp-private.ncbi.nlm.nih.gov/sra/sra-instant/reads/ByRun/sra/SRR/SRR074/SRR074479/SRR074479.sra,SRX032541,GSM627368: S2-DRSC-CG33106-RNAi-1,RNA-Seq,cDNA,TRANSCRIPTOMIC,SINGLE,0,ILLUMINA,Illumina Genome Analyzer II,SRP001537,GEO Series accession: GSE18508,20921232,168994,SRS140158,,7227,Drosophila melanogaster,Drosophila melanogaster,SRA010243,public
SRR074480,2010-12-08 08:12:25,13239395,1006194020,76,1010,,ftp://ftp-private.ncbi.nlm.nih.gov/sra/sra-instant/reads/ByRun/sra/SRR/SRR074/SRR074480/SRR074480.sra,SRX032542,GSM627369: S2-DRSC-CG33106-RNAi-2,RNA-Seq,cDNA,TRANSCRIPTOMIC,SINGLE,0,ILLUMINA,Illumina Genome Analyzer II,SRP001537,GEO Series accession: GSE18508,20921232,168994,SRS140159,,7227,Drosophila melanogaster,Drosophila melanogaster,SRA010243,public
SRR074481,2010-12-08 08:27:28,18820311,1505624880,80,1508,,ftp://ftp-private.ncbi.nlm.nih.gov/sra/sra-instant/reads/ByRun/sra/SRR/SRR074/SRR074481/SRR074481.sra,SRX032543,GSM627370: S2-DRSC-CG3312_RNAi-1,RNA-Seq,cDNA,TRANSCRIPTOMIC,SINGLE,0,ILLUMINA,Illumina Genome Analyzer II,SRP001537,GEO Series accession: GSE18508,20921232,168994,SRS140160,,7227,Drosophila melanogaster,Drosophila melanogaster,SRA010243,public
SRR074482,2010-12-08 08:39:03,22573970,1805917600,80,1809,,ftp://ftp-private.ncbi.nlm.nih.gov/sra/sra-instant/reads/ByRun/sra/SRR/SRR074/SRR074482/SRR074482.sra,SRX032544,GSM627371: S2-DRSC-CG3312_RNAi-2,RNA-Seq,cDNA,TRANSCRIPTOMIC,SINGLE,0,ILLUMINA,Illumina Genome Analyzer II,SRP001537,GEO Series accession: GSE18508,20921232,168994,SRS140161,,7227,Drosophila melanogaster,Drosophila melanogaster,SRA010243,public
SRR074483,2010-12-04 01:27:34,17925588,1434047040,80,1436,,ftp://ftp-private.ncbi.nlm.nih.gov/sra/sra-instant/reads/ByRun/sra/SRR/SRR074/SRR074483/SRR074483.sra,SRX032545,GSM627372: S2-DRSC-CG3584_RNAi-1,RNA-Seq,cDNA,TRANSCRIPTOMIC,SINGLE,0,ILLUMINA,Illumina Genome Analyzer II,SRP001537,GEO Series accession: GSE18508,20921232,168994,SRS140162,,7227,Drosophila melanogaster,Drosophila melanogaster,SRA010243,public
SRR074484,2010-12-04 01:26:41,15704387,1256350960,80,1258,,ftp://ftp-private.ncbi.nlm.nih.gov/sra/sra-instant/reads/ByRun/sra/SRR/SRR074/SRR074484/SRR074484.sra,SRX032546,GSM627373: S2-DRSC-CG3584_RNAi-2,RNA-Seq,cDNA,TRANSCRIPTOMIC,SINGLE,0,ILLUMINA,Illumina Genome Analyzer II,SRP001537,GEO Series accession: GSE18508,20921232,168994,SRS140163,,7227,Drosophila melanogaster,Drosophila melanogaster,SRA010243,public
SRR074485,2010-12-08 08:56:22,29054498,2324359840,80,2328,,ftp://ftp-private.ncbi.nlm.nih.gov/sra/sra-instant/reads/ByRun/sra/SRR/SRR074/SRR074485/SRR074485.sra,SRX032547,GSM627374: S2-DRSC-CG4262_RNAi-1,RNA-Seq,cDNA,TRANSCRIPTOMIC,SINGLE,0,ILLUMINA,Illumina Genome Analyzer II,SRP001537,GEO Series accession: GSE18508,20921232,168994,SRS140164,,7227,Drosophila melanogaster,Drosophila melanogaster,SRA010243,public
SRR074486,2010-12-04 01:37:34,18510329,1480826320,80,1482,,ftp://ftp-private.ncbi.nlm.nih.gov/sra/sra-instant/reads/ByRun/sra/SRR/SRR074/SRR074486/SRR074486.sra,SRX032548,GSM627375: S2-DRSC-CG4262_RNAi-2,RNA-Seq,cDNA,TRANSCRIPTOMIC,SINGLE,0,ILLUMINA,Illumina Genome Analyzer II,SRP001537,GEO Series accession: GSE18508,20921232,168994,SRS140165,,7227,Drosophila melanogaster,Drosophila melanogaster,SRA010243,public
SRR074487,2010-12-04 01:57:15,10495332,797645232,76,800,,ftp://ftp-private.ncbi.nlm.nih.gov/sra/sra-instant/reads/ByRun/sra/SRR/SRR074/SRR074487/SRR074487.sra,SRX032549,GSM627376: S2-DRSC-CG4602-RNAi-2,RNA-Seq,cDNA,TRANSCRIPTOMIC,SINGLE,0,ILLUMINA,Illumina Genome Analyzer II,SRP001537,GEO Series accession: GSE18508,20921232,168994,SRS140166,,7227,Drosophila melanogaster,Drosophila melanogaster,SRA010243,public
SRR074488,2010-12-08 08:56:52,27657973,2212637840,80,2216,,ftp://ftp-private.ncbi.nlm.nih.gov/sra/sra-instant/reads/ByRun/sra/SRR/SRR074/SRR074488/SRR074488.sra,SRX032549,GSM627376: S2-DRSC-CG4602-RNAi-2,RNA-Seq,cDNA,TRANSCRIPTOMIC,SINGLE,0,ILLUMINA,Illumina Genome Analyzer II,SRP001537,GEO Series accession: GSE18508,20921232,168994,SRS140166,,7227,Drosophila melanogaster,Drosophila melanogaster,SRA010243,public
SRR074489,2010-12-04 02:21:34,17178477,1339921206,78,1343,,ftp://ftp-private.ncbi.nlm.nih.gov/sra/sra-instant/reads/ByRun/sra/SRR/SRR074/SRR074489/SRR074489.sra,SRX032550,GSM627377: S2-DRSC-CG4760_RNAi-1,RNA-Seq,cDNA,TRANSCRIPTOMIC,SINGLE,0,ILLUMINA,Illumina Genome Analyzer II,SRP001537,GEO Series accession: GSE18508,20921232,168994,SRS140167,,7227,Drosophila melanogaster,Drosophila melanogaster,SRA010243,public
SRR074490,2010-12-08 09:02:41,26817203,2145376240,80,2149,,ftp://ftp-private.ncbi.nlm.nih.gov/sra/sra-instant/reads/ByRun/sra/SRR/SRR074/SRR074490/SRR074490.sra,SRX032551,GSM627378: S2-DRSC-CG4760_RNAi-2,RNA-Seq,cDNA,TRANSCRIPTOMIC,SINGLE,0,ILLUMINA,Illumina Genome Analyzer II,SRP001537,GEO Series accession: GSE18508,20921232,168994,SRS140168,,7227,Drosophila melanogaster,Drosophila melanogaster,SRA010243,public
SRR074491,2010-12-04 02:01:45,7423324,593865920,80,594,,ftp://ftp-private.ncbi.nlm.nih.gov/sra/sra-instant/reads/ByRun/sra/SRR/SRR074/SRR074491/SRR074491.sra,SRX032552,GSM627379: S2-DRSC-CG4816_RNAi-1,RNA-Seq,cDNA,TRANSCRIPTOMIC,SINGLE,0,ILLUMINA,Illumina Genome Analyzer II,SRP001537,GEO Series accession: GSE18508,20921232,168994,SRS140169,,7227,Drosophila melanogaster,Drosophila melanogaster,SRA010243,public
SRR074492,2010-12-04 02:59:38,21958194,1756655520,80,1759,,ftp://ftp-private.ncbi.nlm.nih.gov/sra/sra-instant/reads/ByRun/sra/SRR/SRR074/SRR074492/SRR074492.sra,SRX032553,GSM627380: S2-DRSC-CG4816_RNAi-2,RNA-Seq,cDNA,TRANSCRIPTOMIC,SINGLE,0,ILLUMINA,Illumina Genome Analyzer II,SRP001537,GEO Series accession: GSE18508,20921232,168994,SRS140170,,7227,Drosophila melanogaster,Drosophila melanogaster,SRA010243,public
SRR074493,2010-12-04 03:04:09,24419097,1855851372,76,1863,,ftp://ftp-private.ncbi.nlm.nih.gov/sra/sra-instant/reads/ByRun/sra/SRR/SRR074/SRR074493/SRR074493.sra,SRX032554,GSM627381: S2-DRSC-CG4878-RNAi-1,RNA-Seq,cDNA,TRANSCRIPTOMIC,SINGLE,0,ILLUMINA,Illumina Genome Analyzer II,SRP001537,GEO Series accession: GSE18508,20921232,168994,SRS140171,,7227,Drosophila melanogaster,Drosophila melanogaster,SRA010243,public
SRR074494,2010-12-04 02:45:39,9280940,705351440,76,708,,ftp://ftp-private.ncbi.nlm.nih.gov/sra/sra-instant/reads/ByRun/sra/SRR/SRR074/SRR074494/SRR074494.sra,SRX032555,GSM627382: S2-DRSC-CG4878-RNAi-2,RNA-Seq,cDNA,TRANSCRIPTOMIC,SINGLE,0,ILLUMINA,Illumina Genome Analyzer II,SRP001537,GEO Series accession: GSE18508,20921232,168994,SRS140172,,7227,Drosophila melanogaster,Drosophila melanogaster,SRA010243,public
SRR074495,2010-12-04 02:49:47,1490099,113247524,76,113,,ftp://ftp-private.ncbi.nlm.nih.gov/sra/sra-instant/reads/ByRun/sra/SRR/SRR074/SRR074495/SRR074495.sra,SRX032556,GSM627383: S2-DRSC-CG5099-RNAi-2,RNA-Seq,cDNA,TRANSCRIPTOMIC,SINGLE,0,ILLUMINA,Illumina Genome Analyzer II,SRP001537,GEO Series accession: GSE18508,20921232,168994,SRS140173,,7227,Drosophila melanogaster,Drosophila melanogaster,SRA010243,public
SRR074496,2010-12-04 03:30:34,16002595,1216197220,76,1220,,ftp://ftp-private.ncbi.nlm.nih.gov/sra/sra-instant/reads/ByRun/sra/SRR/SRR074/SRR074496/SRR074496.sra,SRX032556,GSM627383: S2-DRSC-CG5099-RNAi-2,RNA-Seq,cDNA,TRANSCRIPTOMIC,SINGLE,0,ILLUMINA,Illumina Genome Analyzer II,SRP001537,GEO Series accession: GSE18508,20921232,168994,SRS140173,,7227,Drosophila melanogaster,Drosophila melanogaster,SRA010243,public
SRR074497,2010-12-04 03:40:20,14749887,1120991412,76,1125,,ftp://ftp-private.ncbi.nlm.nih.gov/sra/sra-instant/reads/ByRun/sra/SRR/SRR074/SRR074497/SRR074497.sra,SRX032557,GSM627384: S2-DRSC-CG5170-RNAi-1,RNA-Seq,cDNA,TRANSCRIPTOMIC,SINGLE,0,ILLUMINA,Illumina Genome Analyzer II,SRP001537,GEO Series accession: GSE18508,20921232,168994,SRS140174,,7227,Drosophila melanogaster,Drosophila melanogaster,SRA010243,public
SRR074498,2010-12-04 03:52:10,17993469,1367503644,76,1372,,ftp://ftp-private.ncbi.nlm.nih.gov/sra/sra-instant/reads/ByRun/sra/SRR/SRR074/SRR074498/SRR074498.sra,SRX032558,GSM627385: S2-DRSC-CG5170-RNAi-2,RNA-Seq,cDNA,TRANSCRIPTOMIC,SINGLE,0,ILLUMINA,Illumina Genome Analyzer II,SRP001537,GEO Series accession: GSE18508,20921232,168994,SRS140175,,7227,Drosophila melanogaster,Drosophila melanogaster,SRA010243,public
SRR074499,2010-12-04 04:17:09,22550517,1758940326,78,1763,,ftp://ftp-private.ncbi.nlm.nih.gov/sra/sra-instant/reads/ByRun/sra/SRR/SRR074/SRR074499/SRR074499.sra,SRX032559,GSM627386: S2-DRSC-CG5422_RNAi-2,RNA-Seq,cDNA,TRANSCRIPTOMIC,SINGLE,0,ILLUMINA,Illumina Genome Analyzer II,SRP001537,GEO Series accession: GSE18508,20921232,168994,SRS140176,,7227,Drosophila melanogaster,Drosophila melanogaster,SRA010243,public
SRR074500,2010-12-04 03:48:06,5597648,419823600,75,421,,ftp://ftp-private.ncbi.nlm.nih.gov/sra/sra-instant/reads/ByRun/sra/SRR/SRR074/SRR074500/SRR074500.sra,SRX032560,GSM627387: S2-DRSC-CG5442_RNAi-1,RNA-Seq,cDNA,TRANSCRIPTOMIC,SINGLE,0,ILLUMINA,Illumina Genome Analyzer II,SRP001537,GEO Series accession: GSE18508,20921232,168994,SRS140177,,7227,Drosophila melanogaster,Drosophila melanogaster,SRA010243,public
SRR074501,2010-12-04 04:11:16,11348041,851103075,75,854,,ftp://ftp-private.ncbi.nlm.nih.gov/sra/sra-instant/reads/ByRun/sra/SRR/SRR074/SRR074501/SRR074501.sra,SRX032560,GSM627387: S2-DRSC-CG5442_RNAi-1,RNA-Seq,cDNA,TRANSCRIPTOMIC,SINGLE,0,ILLUMINA,Illumina Genome Analyzer II,SRP001537,GEO Series accession: GSE18508,20921232,168994,SRS140177,,7227,Drosophila melanogaster,Drosophila melanogaster,SRA010243,public
SRR074502,2010-12-04 04:22:15,12865893,977807868,76,981,,ftp://ftp-private.ncbi.nlm.nih.gov/sra/sra-instant/reads/ByRun/sra/SRR/SRR074/SRR074502/SRR074502.sra,SRX032561,GSM627388: S2-DRSC-CG5442-RNAi-2,RNA-Seq,cDNA,TRANSCRIPTOMIC,SINGLE,0,ILLUMINA,Illumina Genome Analyzer II,SRP001537,GEO Series accession: GSE18508,20921232,168994,SRS140178,,7227,Drosophila melanogaster,Drosophila melanogaster,SRA010243,public
SRR074503,2010-12-04 05:09:51,29840061,2387204880,80,2390,,ftp://ftp-private.ncbi.nlm.nih.gov/sra/sra-instant/reads/ByRun/sra/SRR/SRR074/SRR074503/SRR074503.sra,SRX032561,GSM627388: S2-DRSC-CG5442-RNAi-2,RNA-Seq,cDNA,TRANSCRIPTOMIC,SINGLE,0,ILLUMINA,Illumina Genome Analyzer II,SRP001537,GEO Series accession: GSE18508,20921232,168994,SRS140178,,7227,Drosophila melanogaster,Drosophila melanogaster,SRA010243,public
SRR074504,2010-12-04 04:49:59,11992469,911427644,76,914,,ftp://ftp-private.ncbi.nlm.nih.gov/sra/sra-instant/reads/ByRun/sra/SRR/SRR074/SRR074504/SRR074504.sra,SRX032562,GSM627389: S2-DRSC-CG5655-RNAi-2,RNA-Seq,cDNA,TRANSCRIPTOMIC,SINGLE,0,ILLUMINA,Illumina Genome Analyzer II,SRP001537,GEO Series accession: GSE18508,20921232,168994,SRS140179,,7227,Drosophila melanogaster,Drosophila melanogaster,SRA010243,public
SRR074505,2010-12-04 05:09:56,18373403,1396378628,76,1401,,ftp://ftp-private.ncbi.nlm.nih.gov/sra/sra-instant/reads/ByRun/sra/SRR/SRR074/SRR074505/SRR074505.sra,SRX032562,GSM627389: S2-DRSC-CG5655-RNAi-2,RNA-Seq,cDNA,TRANSCRIPTOMIC,SINGLE,0,ILLUMINA,Illumina Genome Analyzer II,SRP001537,GEO Series accession: GSE18508,20921232,168994,SRS140179,,7227,Drosophila melanogaster,Drosophila melanogaster,SRA010243,public
SRR074506,2010-12-04 05:39:26,29058551,2208449876,76,2217,,ftp://ftp-private.ncbi.nlm.nih.gov/sra/sra-instant/reads/ByRun/sra/SRR/SRR074/SRR074506/SRR074506.sra,SRX032562,GSM627389: S2-DRSC-CG5655-RNAi-2,RNA-Seq,cDNA,TRANSCRIPTOMIC,SINGLE,0,ILLUMINA,Illumina Genome Analyzer II,SRP001537,GEO Series accession: GSE18508,20921232,168994,SRS140179,,7227,Drosophila melanogaster,Drosophila melanogaster,SRA010243,public
SRR074507,2010-12-04 05:07:56,6209147,471895172,76,473,,ftp://ftp-private.ncbi.nlm.nih.gov/sra/sra-instant/reads/ByRun/sra/SRR/SRR074/SRR074507/SRR074507.sra,SRX032563,GSM627390: S2-DRSC-CG5821-RNAi-2,RNA-Seq,cDNA,TRANSCRIPTOMIC,SINGLE,0,ILLUMINA,Illumina Genome Analyzer II,SRP001537,GEO Series accession: GSE18508,20921232,168994,SRS140180,,7227,Drosophila melanogaster,Drosophila melanogaster,SRA010243,public
SRR074508,2010-12-04 05:50:39,17041695,1295168820,76,1300,,ftp://ftp-private.ncbi.nlm.nih.gov/sra/sra-instant/reads/ByRun/sra/SRR/SRR074/SRR074508/SRR074508.sra,SRX032563,GSM627390: S2-DRSC-CG5821-RNAi-2,RNA-Seq,cDNA,TRANSCRIPTOMIC,SINGLE,0,ILLUMINA,Illumina Genome Analyzer II,SRP001537,GEO Series accession: GSE18508,20921232,168994,SRS140180,,7227,Drosophila melanogaster,Drosophila melanogaster,SRA010243,public
SRR074509,2010-12-04 05:28:19,6738524,512127824,76,514,,ftp://ftp-private.ncbi.nlm.nih.gov/sra/sra-instant/reads/ByRun/sra/SRR/SRR074/SRR074509/SRR074509.sra,SRX032564,GSM627391: S2-DRSC-CG5836-RNAi-2,RNA-Seq,cDNA,TRANSCRIPTOMIC,SINGLE,0,ILLUMINA,Illumina Genome Analyzer II,SRP001537,GEO Series accession: GSE18508,20921232,168994,SRS140181,,7227,Drosophila melanogaster,Drosophila melanogaster,SRA010243,public
SRR074510,2010-12-04 05:55:08,15927643,1210500868,76,1215,,ftp://ftp-private.ncbi.nlm.nih.gov/sra/sra-instant/reads/ByRun/sra/SRR/SRR074/SRR074510/SRR074510.sra,SRX032564,GSM627391: S2-DRSC-CG5836-RNAi-2,RNA-Seq,cDNA,TRANSCRIPTOMIC,SINGLE,0,ILLUMINA,Illumina Genome Analyzer II,SRP001537,GEO Series accession: GSE18508,20921232,168994,SRS140181,,7227,Drosophila melanogaster,Drosophila melanogaster,SRA010243,public
SRR074511,2010-12-04 06:19:25,19262404,1502467512,78,1506,,ftp://ftp-private.ncbi.nlm.nih.gov/sra/sra-instant/reads/ByRun/sra/SRR/SRR074/SRR074511/SRR074511.sra,SRX032565,GSM627392: S2-DRSC-CG6049-RNAi-1,RNA-Seq,cDNA,TRANSCRIPTOMIC,SINGLE,0,ILLUMINA,Illumina Genome Analyzer II,SRP001537,GEO Series accession: GSE18508,20921232,168994,SRS140182,,7227,Drosophila melanogaster,Drosophila melanogaster,SRA010243,public
SRR074512,2010-12-04 06:12:45,12126958,945902724,78,948,,ftp://ftp-private.ncbi.nlm.nih.gov/sra/sra-instant/reads/ByRun/sra/SRR/SRR074/SRR074512/SRR074512.sra,SRX032566,GSM627393: S2-DRSC-CG6049-RNAi-2,RNA-Seq,cDNA,TRANSCRIPTOMIC,SINGLE,0,ILLUMINA,Illumina Genome Analyzer II,SRP001537,GEO Series accession: GSE18508,20921232,168994,SRS140183,,7227,Drosophila melanogaster,Drosophila melanogaster,SRA010243,public
SRR074513,2010-12-08 08:42:40,15093505,1147106380,76,1152,,ftp://ftp-private.ncbi.nlm.nih.gov/sra/sra-instant/reads/ByRun/sra/SRR/SRR074/SRR074513/SRR074513.sra,SRX032567,GSM627394: S2-DRSC-CG6203-RNAi-1,RNA-Seq,cDNA,TRANSCRIPTOMIC,SINGLE,0,ILLUMINA,Illumina Genome Analyzer II,SRP001537,GEO Series accession: GSE18508,20921232,168994,SRS140184,,7227,Drosophila melanogaster,Drosophila melanogaster,SRA010243,public
SRR074514,2010-12-04 06:42:13,18366770,1395874520,76,1401,,ftp://ftp-private.ncbi.nlm.nih.gov/sra/sra-instant/reads/ByRun/sra/SRR/SRR074/SRR074514/SRR074514.sra,SRX032568,GSM627395: S2-DRSC-CG6203-RNAi-2,RNA-Seq,cDNA,TRANSCRIPTOMIC,SINGLE,0,ILLUMINA,Illumina Genome Analyzer II,SRP001537,GEO Series accession: GSE18508,20921232,168994,SRS140185,,7227,Drosophila melanogaster,Drosophila melanogaster,SRA010243,public
SRR074515,2010-12-04 06:04:46,2724749,217979920,80,218,,ftp://ftp-private.ncbi.nlm.nih.gov/sra/sra-instant/reads/ByRun/sra/SRR/SRR074/SRR074515/SRR074515.sra,SRX032569,GSM627396: S2-DRSC-CG6227_RNAi-1,RNA-Seq,cDNA,TRANSCRIPTOMIC,SINGLE,0,ILLUMINA,Illumina Genome Analyzer II,SRP001537,GEO Series accession: GSE18508,20921232,168994,SRS140186,,7227,Drosophila melanogaster,Drosophila melanogaster,SRA010243,public
SRR074516,2010-12-04 06:55:28,19048185,1523854800,80,1525,,ftp://ftp-private.ncbi.nlm.nih.gov/sra/sra-instant/reads/ByRun/sra/SRR/SRR074/SRR074516/SRR074516.sra,SRX032570,GSM627397: S2-DRSC-CG6227_RNAi-2,RNA-Seq,cDNA,TRANSCRIPTOMIC,SINGLE,0,ILLUMINA,Illumina Genome Analyzer II,SRP001537,GEO Series accession: GSE18508,20921232,168994,SRS140187,,7227,Drosophila melanogaster,Drosophila melanogaster,SRA010243,public
SRR074517,2010-12-04 07:25:20,28394286,2271542880,80,2274,,ftp://ftp-private.ncbi.nlm.nih.gov/sra/sra-instant/reads/ByRun/sra/SRR/SRR074/SRR074517/SRR074517.sra,SRX032571,GSM627398: S2-DRSC-CG6841_RNAi-1,RNA-Seq,cDNA,TRANSCRIPTOMIC,SINGLE,0,ILLUMINA,Illumina Genome Analyzer II,SRP001537,GEO Series accession: GSE18508,20921232,168994,SRS140188,,7227,Drosophila melanogaster,Drosophila melanogaster,SRA010243,public
SRR074518,2010-12-04 06:54:42,12587305,1006984400,80,1008,,ftp://ftp-private.ncbi.nlm.nih.gov/sra/sra-instant/reads/ByRun/sra/SRR/SRR074/SRR074518/SRR074518.sra,SRX032572,GSM627399: S2-DRSC-CG6841_RNAi-2,RNA-Seq,cDNA,TRANSCRIPTOMIC,SINGLE,0,ILLUMINA,Illumina Genome Analyzer II,SRP001537,GEO Series accession: GSE18508,20921232,168994,SRS140189,,7227,Drosophila melanogaster,Drosophila melanogaster,SRA010243,public
SRR074519,2010-12-04 07:10:47,10713919,814257844,76,817,,ftp://ftp-private.ncbi.nlm.nih.gov/sra/sra-instant/reads/ByRun/sra/SRR/SRR074/SRR074519/SRR074519.sra,SRX032573,GSM627400: S2-DRSC-CG6946-RNAi-2,RNA-Seq,cDNA,TRANSCRIPTOMIC,SINGLE,0,ILLUMINA,Illumina Genome Analyzer II,SRP001537,GEO Series accession: GSE18508,20921232,168994,SRS140190,,7227,Drosophila melanogaster,Drosophila melanogaster,SRA010243,public
SRR074520,2010-12-04 07:31:44,14687142,1116222792,76,1120,,ftp://ftp-private.ncbi.nlm.nih.gov/sra/sra-instant/reads/ByRun/sra/SRR/SRR074/SRR074520/SRR074520.sra,SRX032573,GSM627400: S2-DRSC-CG6946-RNAi-2,RNA-Seq,cDNA,TRANSCRIPTOMIC,SINGLE,0,ILLUMINA,Illumina Genome Analyzer II,SRP001537,GEO Series accession: GSE18508,20921232,168994,SRS140190,,7227,Drosophila melanogaster,Drosophila melanogaster,SRA010243,public
SRR074521,2010-12-04 07:00:11,1175249,89318924,76,89,,ftp://ftp-private.ncbi.nlm.nih.gov/sra/sra-instant/reads/ByRun/sra/SRR/SRR074/SRR074521/SRR074521.sra,SRX032574,GSM627401: S2-DRSC-CG7437-RNAi-2,RNA-Seq,cDNA,TRANSCRIPTOMIC,SINGLE,0,ILLUMINA,Illumina Genome Analyzer II,SRP001537,GEO Series accession: GSE18508,20921232,168994,SRS140191,,7227,Drosophila melanogaster,Drosophila melanogaster,SRA010243,public
SRR074522,2010-12-04 07:46:46,17186926,1306206376,76,1311,,ftp://ftp-private.ncbi.nlm.nih.gov/sra/sra-instant/reads/ByRun/sra/SRR/SRR074/SRR074522/SRR074522.sra,SRX032574,GSM627401: S2-DRSC-CG7437-RNAi-2,RNA-Seq,cDNA,TRANSCRIPTOMIC,SINGLE,0,ILLUMINA,Illumina Genome Analyzer II,SRP001537,GEO Series accession: GSE18508,20921232,168994,SRS140191,,7227,Drosophila melanogaster,Drosophila melanogaster,SRA010243,public
SRR074523,2010-12-04 07:15:14,1148066,87253016,76,87,,ftp://ftp-private.ncbi.nlm.nih.gov/sra/sra-instant/reads/ByRun/sra/SRR/SRR074/SRR074523/SRR074523.sra,SRX032575,GSM627402: S2-DRSC-CG7971-RNAi-2,RNA-Seq,cDNA,TRANSCRIPTOMIC,SINGLE,0,ILLUMINA,Illumina Genome Analyzer II,SRP001537,GEO Series accession: GSE18508,20921232,168994,SRS140192,,7227,Drosophila melanogaster,Drosophila melanogaster,SRA010243,public
SRR074524,2010-12-04 07:39:17,9299532,706764432,76,709,,ftp://ftp-private.ncbi.nlm.nih.gov/sra/sra-instant/reads/ByRun/sra/SRR/SRR074/SRR074524/SRR074524.sra,SRX032575,GSM627402: S2-DRSC-CG7971-RNAi-2,RNA-Seq,cDNA,TRANSCRIPTOMIC,SINGLE,0,ILLUMINA,Illumina Genome Analyzer II,SRP001537,GEO Series accession: GSE18508,20921232,168994,SRS140192,,7227,Drosophila melanogaster,Drosophila melanogaster,SRA010243,public
SRR074525,2010-12-04 07:55:21,11413806,913104480,80,914,,ftp://ftp-private.ncbi.nlm.nih.gov/sra/sra-instant/reads/ByRun/sra/SRR/SRR074/SRR074525/SRR074525.sra,SRX032576,GSM627403: S2-DRSC-CG8019_RNAi-1,RNA-Seq,cDNA,TRANSCRIPTOMIC,SINGLE,0,ILLUMINA,Illumina Genome Analyzer II,SRP001537,GEO Series accession: GSE18508,20921232,168994,SRS140193,,7227,Drosophila melanogaster,Drosophila melanogaster,SRA010243,public
SRR074526,2010-12-08 09:14:43,28414392,2273151360,80,2277,,ftp://ftp-private.ncbi.nlm.nih.gov/sra/sra-instant/reads/ByRun/sra/SRR/SRR074/SRR074526/SRR074526.sra,SRX032577,GSM627404: S2-DRSC-CG8019_RNAi-2,RNA-Seq,cDNA,TRANSCRIPTOMIC,SINGLE,0,ILLUMINA,Illumina Genome Analyzer II,SRP001537,GEO Series accession: GSE18508,20921232,168994,SRS140194,,7227,Drosophila melanogaster,Drosophila melanogaster,SRA010243,public
SRR074527,2010-12-04 08:01:17,8814176,705134080,80,706,,ftp://ftp-private.ncbi.nlm.nih.gov/sra/sra-instant/reads/ByRun/sra/SRR/SRR074/SRR074527/SRR074527.sra,SRX032578,GSM627405: S2-DRSC-CG8241_RNAi-1,RNA-Seq,cDNA,TRANSCRIPTOMIC,SINGLE,0,ILLUMINA,Illumina Genome Analyzer II,SRP001537,GEO Series accession: GSE18508,20921232,168994,SRS140195,,7227,Drosophila melanogaster,Drosophila melanogaster,SRA010243,public
SRR074528,2010-12-08 09:12:09,24179763,1934381040,80,1937,,ftp://ftp-private.ncbi.nlm.nih.gov/sra/sra-instant/reads/ByRun/sra/SRR/SRR074/SRR074528/SRR074528.sra,SRX032579,GSM627406: S2-DRSC-CG8241_RNAi-2,RNA-Seq,cDNA,TRANSCRIPTOMIC,SINGLE,0,ILLUMINA,Illumina Genome Analyzer II,SRP001537,GEO Series accession: GSE18508,20921232,168994,SRS140196,,7227,Drosophila melanogaster,Drosophila melanogaster,SRA010243,public
SRR074529,2010-12-08 09:01:44,18882149,1472807622,78,1477,,ftp://ftp-private.ncbi.nlm.nih.gov/sra/sra-instant/reads/ByRun/sra/SRR/SRR074/SRR074529/SRR074529.sra,SRX032580,GSM627407: S2-DRSC-CG8636-RNAi-1,RNA-Seq,cDNA,TRANSCRIPTOMIC,SINGLE,0,ILLUMINA,Illumina Genome Analyzer II,SRP001537,GEO Series accession: GSE18508,20921232,168994,SRS140197,,7227,Drosophila melanogaster,Drosophila melanogaster,SRA010243,public
SRR074530,2010-12-04 08:46:59,23491306,1879304480,80,1881,,ftp://ftp-private.ncbi.nlm.nih.gov/sra/sra-instant/reads/ByRun/sra/SRR/SRR074/SRR074530/SRR074530.sra,SRX032580,GSM627407: S2-DRSC-CG8636-RNAi-1,RNA-Seq,cDNA,TRANSCRIPTOMIC,SINGLE,0,ILLUMINA,Illumina Genome Analyzer II,SRP001537,GEO Series accession: GSE18508,20921232,168994,SRS140197,,7227,Drosophila melanogaster,Drosophila melanogaster,SRA010243,public
SRR074531,2010-12-08 08:26:10,4350658,339351324,78,340,,ftp://ftp-private.ncbi.nlm.nih.gov/sra/sra-instant/reads/ByRun/sra/SRR/SRR074/SRR074531/SRR074531.sra,SRX032581,GSM627408: S2-DRSC-CG8636-RNAi-2,RNA-Seq,cDNA,TRANSCRIPTOMIC,SINGLE,0,ILLUMINA,Illumina Genome Analyzer II,SRP001537,GEO Series accession: GSE18508,20921232,168994,SRS140198,,7227,Drosophila melanogaster,Drosophila melanogaster,SRA010243,public
SRR074532,2010-12-08 09:05:43,17884219,1394969082,78,1399,,ftp://ftp-private.ncbi.nlm.nih.gov/sra/sra-instant/reads/ByRun/sra/SRR/SRR074/SRR074532/SRR074532.sra,SRX032582,GSM627409: S2-DRSC-CG8749-RNAi-1,RNA-Seq,cDNA,TRANSCRIPTOMIC,SINGLE,0,ILLUMINA,Illumina Genome Analyzer II,SRP001537,GEO Series accession: GSE18508,20921232,168994,SRS140199,,7227,Drosophila melanogaster,Drosophila melanogaster,SRA010243,public
SRR074533,2010-12-04 08:39:22,15753971,1228809738,78,1232,,ftp://ftp-private.ncbi.nlm.nih.gov/sra/sra-instant/reads/ByRun/sra/SRR/SRR074/SRR074533/SRR074533.sra,SRX032583,GSM627410: S2-DRSC-CG8749-RNAi-2,RNA-Seq,cDNA,TRANSCRIPTOMIC,SINGLE,0,ILLUMINA,Illumina Genome Analyzer II,SRP001537,GEO Series accession: GSE18508,20921232,168994,SRS140200,,7227,Drosophila melanogaster,Drosophila melanogaster,SRA010243,public
SRR074534,2010-12-04 08:36:17,15213581,1186659318,78,1189,,ftp://ftp-private.ncbi.nlm.nih.gov/sra/sra-instant/reads/ByRun/sra/SRR/SRR074/SRR074534/SRR074534.sra,SRX032584,GSM627411: S2-DRSC-CG8781-RNAi-1,RNA-Seq,cDNA,TRANSCRIPTOMIC,SINGLE,0,ILLUMINA,Illumina Genome Analyzer II,SRP001537,GEO Series accession: GSE18508,20921232,168994,SRS140201,,7227,Drosophila melanogaster,Drosophila melanogaster,SRA010243,public
SRR074535,2010-12-04 08:54:29,20321397,1625711760,80,1627,,ftp://ftp-private.ncbi.nlm.nih.gov/sra/sra-instant/reads/ByRun/sra/SRR/SRR074/SRR074535/SRR074535.sra,SRX032584,GSM627411: S2-DRSC-CG8781-RNAi-1,RNA-Seq,cDNA,TRANSCRIPTOMIC,SINGLE,0,ILLUMINA,Illumina Genome Analyzer II,SRP001537,GEO Series accession: GSE18508,20921232,168994,SRS140201,,7227,Drosophila melanogaster,Drosophila melanogaster,SRA010243,public
SRR074536,2010-12-08 08:29:26,4461583,348003474,78,349,,ftp://ftp-private.ncbi.nlm.nih.gov/sra/sra-instant/reads/ByRun/sra/SRR/SRR074/SRR074536/SRR074536.sra,SRX032585,GSM627412: S2-DRSC-CG8781-RNAi-2,RNA-Seq,cDNA,TRANSCRIPTOMIC,SINGLE,0,ILLUMINA,Illumina Genome Analyzer II,SRP001537,GEO Series accession: GSE18508,20921232,168994,SRS140202,,7227,Drosophila melanogaster,Drosophila melanogaster,SRA010243,public
SRR074537,2010-12-04 08:51:54,4019010,321520800,80,321,,ftp://ftp-private.ncbi.nlm.nih.gov/sra/sra-instant/reads/ByRun/sra/SRR/SRR074/SRR074537/SRR074537.sra,SRX032585,GSM627412: S2-DRSC-CG8781-RNAi-2,RNA-Seq,cDNA,TRANSCRIPTOMIC,SINGLE,0,ILLUMINA,Illumina Genome Analyzer II,SRP001537,GEO Series accession: GSE18508,20921232,168994,SRS140202,,7227,Drosophila melanogaster,Drosophila melanogaster,SRA010243,public
SRR074538,2010-12-08 08:33:29,2523276,191768976,76,192,,ftp://ftp-private.ncbi.nlm.nih.gov/sra/sra-instant/reads/ByRun/sra/SRR/SRR074/SRR074538/SRR074538.sra,SRX032586,GSM627413: S2-DRSC-CG8912-RNAi-1,RNA-Seq,cDNA,TRANSCRIPTOMIC,SINGLE,0,ILLUMINA,Illumina Genome Analyzer II,SRP001537,GEO Series accession: GSE18508,20921232,168994,SRS140203,,7227,Drosophila melanogaster,Drosophila melanogaster,SRA010243,public
SRR074539,2010-12-04 08:58:07,4774986,362898936,76,364,,ftp://ftp-private.ncbi.nlm.nih.gov/sra/sra-instant/reads/ByRun/sra/SRR/SRR074/SRR074539/SRR074539.sra,SRX032586,GSM627413: S2-DRSC-CG8912-RNAi-1,RNA-Seq,cDNA,TRANSCRIPTOMIC,SINGLE,0,ILLUMINA,Illumina Genome Analyzer II,SRP001537,GEO Series accession: GSE18508,20921232,168994,SRS140203,,7227,Drosophila melanogaster,Drosophila melanogaster,SRA010243,public
SRR074540,2010-12-08 08:49:01,8305789,631239964,76,634,,ftp://ftp-private.ncbi.nlm.nih.gov/sra/sra-instant/reads/ByRun/sra/SRR/SRR074/SRR074540/SRR074540.sra,SRX032586,GSM627413: S2-DRSC-CG8912-RNAi-1,RNA-Seq,cDNA,TRANSCRIPTOMIC,SINGLE,0,ILLUMINA,Illumina Genome Analyzer II,SRP001537,GEO Series accession: GSE18508,20921232,168994,SRS140203,,7227,Drosophila melanogaster,Drosophila melanogaster,SRA010243,public
SRR074541,2010-12-04 09:15:08,9189936,698435136,76,701,,ftp://ftp-private.ncbi.nlm.nih.gov/sra/sra-instant/reads/ByRun/sra/SRR/SRR074/SRR074541/SRR074541.sra,SRX032587,GSM627414: S2-DRSC-CG8912-RNAi-2,RNA-Seq,cDNA,TRANSCRIPTOMIC,SINGLE,0,ILLUMINA,Illumina Genome Analyzer II,SRP001537,GEO Series accession: GSE18508,20921232,168994,SRS140204,,7227,Drosophila melanogaster,Drosophila melanogaster,SRA010243,public
SRR074542,2010-12-08 08:41:00,4303637,327076412,76,328,,ftp://ftp-private.ncbi.nlm.nih.gov/sra/sra-instant/reads/ByRun/sra/SRR/SRR074/SRR074542/SRR074542.sra,SRX032587,GSM627414: S2-DRSC-CG8912-RNAi-2,RNA-Seq,cDNA,TRANSCRIPTOMIC,SINGLE,0,ILLUMINA,Illumina Genome Analyzer II,SRP001537,GEO Series accession: GSE18508,20921232,168994,SRS140204,,7227,Drosophila melanogaster,Drosophila melanogaster,SRA010243,public
SRR074543,2010-12-04 09:18:46,9318084,708174384,76,710,,ftp://ftp-private.ncbi.nlm.nih.gov/sra/sra-instant/reads/ByRun/sra/SRR/SRR074/SRR074543/SRR074543.sra,SRX032587,GSM627414: S2-DRSC-CG8912-RNAi-2,RNA-Seq,cDNA,TRANSCRIPTOMIC,SINGLE,0,ILLUMINA,Illumina Genome Analyzer II,SRP001537,GEO Series accession: GSE18508,20921232,168994,SRS140204,,7227,Drosophila melanogaster,Drosophila melanogaster,SRA010243,public
SRR074544,2010-12-08 08:56:00,8729998,663479848,76,666,,ftp://ftp-private.ncbi.nlm.nih.gov/sra/sra-instant/reads/ByRun/sra/SRR/SRR074/SRR074544/SRR074544.sra,SRX032588,GSM627415: S2-DRSC-CG9373-RNAi-2,RNA-Seq,cDNA,TRANSCRIPTOMIC,SINGLE,0,ILLUMINA,Illumina Genome Analyzer II,SRP001537,GEO Series accession: GSE18508,20921232,168994,SRS140205,,7227,Drosophila melanogaster,Drosophila melanogaster,SRA010243,public
SRR074545,2010-12-08 09:48:36,29147104,2331768320,80,2336,,ftp://ftp-private.ncbi.nlm.nih.gov/sra/sra-instant/reads/ByRun/sra/SRR/SRR074/SRR074545/SRR074545.sra,SRX032588,GSM627415: S2-DRSC-CG9373-RNAi-2,RNA-Seq,cDNA,TRANSCRIPTOMIC,SINGLE,0,ILLUMINA,Illumina Genome Analyzer II,SRP001537,GEO Series accession: GSE18508,20921232,168994,SRS140205,,7227,Drosophila melanogaster,Drosophila melanogaster,SRA010243,public
SRR074546,2010-12-08 09:49:29,28315958,2265276640,80,2269,,ftp://ftp-private.ncbi.nlm.nih.gov/sra/sra-instant/reads/ByRun/sra/SRR/SRR074/SRR074546/SRR074546.sra,SRX032588,GSM627415: S2-DRSC-CG9373-RNAi-2,RNA-Seq,cDNA,TRANSCRIPTOMIC,SINGLE,0,ILLUMINA,Illumina Genome Analyzer II,SRP001537,GEO Series accession: GSE18508,20921232,168994,SRS140205,,7227,Drosophila melanogaster,Drosophila melanogaster,SRA010243,public
SRR074547,2010-12-04 10:02:35,21514097,1635071372,76,1641,,ftp://ftp-private.ncbi.nlm.nih.gov/sra/sra-instant/reads/ByRun/sra/SRR/SRR074/SRR074547/SRR074547.sra,SRX032589,GSM627416: S2-DRSC-CG9412-RNAi-1,RNA-Seq,cDNA,TRANSCRIPTOMIC,SINGLE,0,ILLUMINA,Illumina Genome Analyzer II,SRP001537,GEO Series accession: GSE18508,20921232,168994,SRS140206,,7227,Drosophila melanogaster,Drosophila melanogaster,SRA010243,public
SRR074548,2010-12-04 10:02:20,22270197,1692534972,76,1699,,ftp://ftp-private.ncbi.nlm.nih.gov/sra/sra-instant/reads/ByRun/sra/SRR/SRR074/SRR074548/SRR074548.sra,SRX032590,GSM627417: S2-DRSC-CG9412-RNAi-2,RNA-Seq,cDNA,TRANSCRIPTOMIC,SINGLE,0,ILLUMINA,Illumina Genome Analyzer II,SRP001537,GEO Series accession: GSE18508,20921232,168994,SRS140207,,7227,Drosophila melanogaster,Drosophila melanogaster,SRA010243,public
SRR074549,2010-12-08 08:47:27,3344662,254194312,76,255,,ftp://ftp-private.ncbi.nlm.nih.gov/sra/sra-instant/reads/ByRun/sra/SRR/SRR074/SRR074549/SRR074549.sra,SRX032591,GSM627418: S2-DRSC-CG9983-RNAi-2,RNA-Seq,cDNA,TRANSCRIPTOMIC,SINGLE,0,ILLUMINA,Illumina Genome Analyzer II,SRP001537,GEO Series accession: GSE18508,20921232,168994,SRS140208,,7227,Drosophila melanogaster,Drosophila melanogaster,SRA010243,public
SRR074550,2010-12-04 10:01:48,17125869,1301566044,76,1306,,ftp://ftp-private.ncbi.nlm.nih.gov/sra/sra-instant/reads/ByRun/sra/SRR/SRR074/SRR074550/SRR074550.sra,SRX032591,GSM627418: S2-DRSC-CG9983-RNAi-2,RNA-Seq,cDNA,TRANSCRIPTOMIC,SINGLE,0,ILLUMINA,Illumina Genome Analyzer II,SRP001537,GEO Series accession: GSE18508,20921232,168994,SRS140208,,7227,Drosophila melanogaster,Drosophila melanogaster,SRA010243,public
SRR031708,2009-12-18 11:42:16,5836296,262633320,45,272,,ftp://ftp-private.ncbi.nlm.nih.gov/sra/sra-instant/reads/ByRun/sra/SRR/SRR031/SRR031708/SRR031708.sra,SRX014458,S2_DRSC_Untreated-1,RNA-Seq,cDNA,TRANSCRIPTOMIC,SINGLE,0,ILLUMINA,Illumina Genome Analyzer II,SRP001537,GEO Series accession: GSE18508,20921232,168994,SRS008446,,7227,Drosophila melanogaster,Drosophila melanogaster,SRA010243,public
SRR031709,2009-12-16 13:31:43,3812809,171576405,45,178,,ftp://ftp-private.ncbi.nlm.nih.gov/sra/sra-instant/reads/ByRun/sra/SRR/SRR031/SRR031709/SRR031709.sra,SRX014458,S2_DRSC_Untreated-1,RNA-Seq,cDNA,TRANSCRIPTOMIC,SINGLE,0,ILLUMINA,Illumina Genome Analyzer II,SRP001537,GEO Series accession: GSE18508,20921232,168994,SRS008446,,7227,Drosophila melanogaster,Drosophila melanogaster,SRA010243,public
SRR031710,2009-12-16 10:55:16,5781029,260146305,45,270,,ftp://ftp-private.ncbi.nlm.nih.gov/sra/sra-instant/reads/ByRun/sra/SRR/SRR031/SRR031710/SRR031710.sra,SRX014458,S2_DRSC_Untreated-1,RNA-Seq,cDNA,TRANSCRIPTOMIC,SINGLE,0,ILLUMINA,Illumina Genome Analyzer II,SRP001537,GEO Series accession: GSE18508,20921232,168994,SRS008446,,7227,Drosophila melanogaster,Drosophila melanogaster,SRA010243,public
SRR031711,2009-12-16 10:55:36,6064911,272920995,45,283,,ftp://ftp-private.ncbi.nlm.nih.gov/sra/sra-instant/reads/ByRun/sra/SRR/SRR031/SRR031711/SRR031711.sra,SRX014458,S2_DRSC_Untreated-1,RNA-Seq,cDNA,TRANSCRIPTOMIC,SINGLE,0,ILLUMINA,Illumina Genome Analyzer II,SRP001537,GEO Series accession: GSE18508,20921232,168994,SRS008446,,7227,Drosophila melanogaster,Drosophila melanogaster,SRA010243,public
SRR031712,2009-12-18 11:49:20,6313495,284107275,45,295,,ftp://ftp-private.ncbi.nlm.nih.gov/sra/sra-instant/reads/ByRun/sra/SRR/SRR031/SRR031712/SRR031712.sra,SRX014458,S2_DRSC_Untreated-1,RNA-Seq,cDNA,TRANSCRIPTOMIC,SINGLE,0,ILLUMINA,Illumina Genome Analyzer II,SRP001537,GEO Series accession: GSE18508,20921232,168994,SRS008446,,7227,Drosophila melanogaster,Drosophila melanogaster,SRA010243,public
SRR031713,2009-12-18 11:49:07,6475981,291419145,45,302,,ftp://ftp-private.ncbi.nlm.nih.gov/sra/sra-instant/reads/ByRun/sra/SRR/SRR031/SRR031713/SRR031713.sra,SRX014458,S2_DRSC_Untreated-1,RNA-Seq,cDNA,TRANSCRIPTOMIC,SINGLE,0,ILLUMINA,Illumina Genome Analyzer II,SRP001537,GEO Series accession: GSE18508,20921232,168994,SRS008446,,7227,Drosophila melanogaster,Drosophila melanogaster,SRA010243,public
SRR031718,2009-12-16 10:54:59,6724171,302587695,45,314,,ftp://ftp-private.ncbi.nlm.nih.gov/sra/sra-instant/reads/ByRun/sra/SRR/SRR031/SRR031718/SRR031718.sra,SRX014461,S2_DRSC_CG8144_RNAi-1,RNA-Seq,cDNA,TRANSCRIPTOMIC,SINGLE,0,ILLUMINA,Illumina Genome Analyzer II,SRP001537,GEO Series accession: GSE18508,20921232,168994,SRS008449,,7227,Drosophila melanogaster,Drosophila melanogaster,SRA010243,public
SRR031719,2009-12-16 10:54:22,4310978,189683032,44,197,,ftp://ftp-private.ncbi.nlm.nih.gov/sra/sra-instant/reads/ByRun/sra/SRR/SRR031/SRR031719/SRR031719.sra,SRX014461,S2_DRSC_CG8144_RNAi-1,RNA-Seq,cDNA,TRANSCRIPTOMIC,SINGLE,0,ILLUMINA,Illumina Genome Analyzer II,SRP001537,GEO Series accession: GSE18508,20921232,168994,SRS008449,,7227,Drosophila melanogaster,Drosophila melanogaster,SRA010243,public
SRR031720,2009-12-18 11:50:13,6591533,296618985,45,308,,ftp://ftp-private.ncbi.nlm.nih.gov/sra/sra-instant/reads/ByRun/sra/SRR/SRR031/SRR031720/SRR031720.sra,SRX014461,S2_DRSC_CG8144_RNAi-1,RNA-Seq,cDNA,TRANSCRIPTOMIC,SINGLE,0,ILLUMINA,Illumina Genome Analyzer II,SRP001537,GEO Series accession: GSE18508,20921232,168994,SRS008449,,7227,Drosophila melanogaster,Drosophila melanogaster,SRA010243,public
SRR031721,2009-12-16 11:01:34,6769036,304606620,45,316,,ftp://ftp-private.ncbi.nlm.nih.gov/sra/sra-instant/reads/ByRun/sra/SRR/SRR031/SRR031721/SRR031721.sra,SRX014461,S2_DRSC_CG8144_RNAi-1,RNA-Seq,cDNA,TRANSCRIPTOMIC,SINGLE,0,ILLUMINA,Illumina Genome Analyzer II,SRP001537,GEO Series accession: GSE18508,20921232,168994,SRS008449,,7227,Drosophila melanogaster,Drosophila melanogaster,SRA010243,public
SRR031722,2009-12-16 11:01:01,6197681,278895645,45,289,,ftp://ftp-private.ncbi.nlm.nih.gov/sra/sra-instant/reads/ByRun/sra/SRR/SRR031/SRR031722/SRR031722.sra,SRX014461,S2_DRSC_CG8144_RNAi-1,RNA-Seq,cDNA,TRANSCRIPTOMIC,SINGLE,0,ILLUMINA,Illumina Genome Analyzer II,SRP001537,GEO Series accession: GSE18508,20921232,168994,SRS008449,,7227,Drosophila melanogaster,Drosophila melanogaster,SRA010243,public
SRR031723,2009-12-18 11:50:08,4565268,182610720,40,191,,ftp://ftp-private.ncbi.nlm.nih.gov/sra/sra-instant/reads/ByRun/sra/SRR/SRR031/SRR031723/SRR031723.sra,SRX014461,S2_DRSC_CG8144_RNAi-1,RNA-Seq,cDNA,TRANSCRIPTOMIC,SINGLE,0,ILLUMINA,Illumina Genome Analyzer II,SRP001537,GEO Series accession: GSE18508,20921232,168994,SRS008449,,7227,Drosophila melanogaster,Drosophila melanogaster,SRA010243,public
SRR031728,2009-12-16 11:12:02,4988862,374164650,75,375,,ftp://ftp-private.ncbi.nlm.nih.gov/sra/sra-instant/reads/ByRun/sra/SRR/SRR031/SRR031728/SRR031728.sra,SRX014464,S2_DRSC_Untreated-6,RNA-Seq,cDNA,TRANSCRIPTOMIC,SINGLE,0,ILLUMINA,Illumina Genome Analyzer II,SRP001537,GEO Series accession: GSE18508,20921232,168994,SRS008452,,7227,Drosophila melanogaster,Drosophila melanogaster,SRA010243,public
SRR031729,2009-12-16 11:34:49,12824004,961800300,75,966,,ftp://ftp-private.ncbi.nlm.nih.gov/sra/sra-instant/reads/ByRun/sra/SRR/SRR031/SRR031729/SRR031729.sra,SRX014464,S2_DRSC_Untreated-6,RNA-Seq,cDNA,TRANSCRIPTOMIC,SINGLE,0,ILLUMINA,Illumina Genome Analyzer II,SRP001537,GEO Series accession: GSE18508,20921232,168994,SRS008452,,7227,Drosophila melanogaster,Drosophila melanogaster,SRA010243,public
SRR031730,2009-12-16 11:12:53,4640549,348041175,75,349,,ftp://ftp-private.ncbi.nlm.nih.gov/sra/sra-instant/reads/ByRun/sra/SRR/SRR031/SRR031730/SRR031730.sra,SRX014465,S2_DRSC_CG6946_RNAi-1,RNA-Seq,cDNA,TRANSCRIPTOMIC,SINGLE,0,ILLUMINA,Illumina Genome Analyzer II,SRP001537,GEO Series accession: GSE18508,20921232,168994,SRS008453,,7227,Drosophila melanogaster,Drosophila melanogaster,SRA010243,public
SRR031731,2009-12-16 11:35:47,9265856,694939200,75,698,,ftp://ftp-private.ncbi.nlm.nih.gov/sra/sra-instant/reads/ByRun/sra/SRR/SRR031/SRR031731/SRR031731.sra,SRX014465,S2_DRSC_CG6946_RNAi-1,RNA-Seq,cDNA,TRANSCRIPTOMIC,SINGLE,0,ILLUMINA,Illumina Genome Analyzer II,SRP001537,GEO Series accession: GSE18508,20921232,168994,SRS008453,,7227,Drosophila melanogaster,Drosophila melanogaster,SRA010243,public
SRR031732,2009-12-16 11:13:08,4582950,343721250,75,345,,ftp://ftp-private.ncbi.nlm.nih.gov/sra/sra-instant/reads/ByRun/sra/SRR/SRR031/SRR031732/SRR031732.sra,SRX014466,S2_DRSC_CG9373_RNAi-1,RNA-Seq,cDNA,TRANSCRIPTOMIC,SINGLE,0,ILLUMINA,Illumina Genome Analyzer II,SRP001537,GEO Series accession: GSE18508,20921232,168994,SRS008454,,7227,Drosophila melanogaster,Drosophila melanogaster,SRA010243,public
SRR031733,2009-12-16 11:38:51,10951832,821387400,75,825,,ftp://ftp-private.ncbi.nlm.nih.gov/sra/sra-instant/reads/ByRun/sra/SRR/SRR031/SRR031733/SRR031733.sra,SRX014466,S2_DRSC_CG9373_RNAi-1,RNA-Seq,cDNA,TRANSCRIPTOMIC,SINGLE,0,ILLUMINA,Illumina Genome Analyzer II,SRP001537,GEO Series accession: GSE18508,20921232,168994,SRS008454,,7227,Drosophila melanogaster,Drosophila melanogaster,SRA010243,public
SRR031734,2009-12-16 11:12:53,4362180,327163500,75,328,,ftp://ftp-private.ncbi.nlm.nih.gov/sra/sra-instant/reads/ByRun/sra/SRR/SRR031/SRR031734/SRR031734.sra,SRX014467,S2_DRSC_CG5099_RNAi-1,RNA-Seq,cDNA,TRANSCRIPTOMIC,SINGLE,0,ILLUMINA,Illumina Genome Analyzer II,SRP001537,GEO Series accession: GSE18508,20921232,168994,SRS008455,,7227,Drosophila melanogaster,Drosophila melanogaster,SRA010243,public
SRR031735,2009-12-16 11:38:17,9016978,676273350,75,679,,ftp://ftp-private.ncbi.nlm.nih.gov/sra/sra-instant/reads/ByRun/sra/SRR/SRR031/SRR031735/SRR031735.sra,SRX014467,S2_DRSC_CG5099_RNAi-1,RNA-Seq,cDNA,TRANSCRIPTOMIC,SINGLE,0,ILLUMINA,Illumina Genome Analyzer II,SRP001537,GEO Series accession: GSE18508,20921232,168994,SRS008455,,7227,Drosophila melanogaster,Drosophila melanogaster,SRA010243,public
SRR031736,2009-12-16 11:14:10,4158247,311868525,75,313,,ftp://ftp-private.ncbi.nlm.nih.gov/sra/sra-instant/reads/ByRun/sra/SRR/SRR031/SRR031736/SRR031736.sra,SRX014468,S2_DRSC_CG9983_RNAi-1,RNA-Seq,cDNA,TRANSCRIPTOMIC,SINGLE,0,ILLUMINA,Illumina Genome Analyzer II,SRP001537,GEO Series accession: GSE18508,20921232,168994,SRS008456,,7227,Drosophila melanogaster,Drosophila melanogaster,SRA010243,public
SRR031737,2009-12-16 11:39:20,9142216,685666200,75,688,,ftp://ftp-private.ncbi.nlm.nih.gov/sra/sra-instant/reads/ByRun/sra/SRR/SRR031/SRR031737/SRR031737.sra,SRX014468,S2_DRSC_CG9983_RNAi-1,RNA-Seq,cDNA,TRANSCRIPTOMIC,SINGLE,0,ILLUMINA,Illumina Genome Analyzer II,SRP001537,GEO Series accession: GSE18508,20921232,168994,SRS008456,,7227,Drosophila melanogaster,Drosophila melanogaster,SRA010243,public
SRR031738,2009-12-16 11:15:13,4559037,341927775,75,343,,ftp://ftp-private.ncbi.nlm.nih.gov/sra/sra-instant/reads/ByRun/sra/SRR/SRR031/SRR031738/SRR031738.sra,SRX014469,S2_DRSC_CG12749_RNAi-1,RNA-Seq,cDNA,TRANSCRIPTOMIC,SINGLE,0,ILLUMINA,Illumina Genome Analyzer II,SRP001537,GEO Series accession: GSE18508,20921232,168994,SRS008457,,7227,Drosophila melanogaster,Drosophila melanogaster,SRA010243,public
SRR031739,2009-12-16 11:39:36,9092228,681917100,75,685,,ftp://ftp-private.ncbi.nlm.nih.gov/sra/sra-instant/reads/ByRun/sra/SRR/SRR031/SRR031739/SRR031739.sra,SRX014469,S2_DRSC_CG12749_RNAi-1,RNA-Seq,cDNA,TRANSCRIPTOMIC,SINGLE,0,ILLUMINA,Illumina Genome Analyzer II,SRP001537,GEO Series accession: GSE18508,20921232,168994,SRS008457,,7227,Drosophila melanogaster,Drosophila melanogaster,SRA010243,public
SRR031740,2009-12-16 13:34:46,4908790,368159250,75,369,,ftp://ftp-private.ncbi.nlm.nih.gov/sra/sra-instant/reads/ByRun/sra/SRR/SRR031/SRR031740/SRR031740.sra,SRX014470,S2_DRSC_CG17838_RNAi-1,RNA-Seq,cDNA,TRANSCRIPTOMIC,SINGLE,0,ILLUMINA,Illumina Genome Analyzer II,SRP001537,GEO Series accession: GSE18508,20921232,168994,SRS008458,,7227,Drosophila melanogaster,Drosophila melanogaster,SRA010243,public
SRR031741,2009-12-16 11:58:14,9015916,676193700,75,679,,ftp://ftp-private.ncbi.nlm.nih.gov/sra/sra-instant/reads/ByRun/sra/SRR/SRR031/SRR031741/SRR031741.sra,SRX014470,S2_DRSC_CG17838_RNAi-1,RNA-Seq,cDNA,TRANSCRIPTOMIC,SINGLE,0,ILLUMINA,Illumina Genome Analyzer II,SRP001537,GEO Series accession: GSE18508,20921232,168994,SRS008458,,7227,Drosophila melanogaster,Drosophila melanogaster,SRA010243,public
SRR031742,2009-12-16 11:16:36,5436686,407751450,75,409,,ftp://ftp-private.ncbi.nlm.nih.gov/sra/sra-instant/reads/ByRun/sra/SRR/SRR031/SRR031742/SRR031742.sra,SRX014471,S2_DRSC_CG16901_RNAi-1,RNA-Seq,cDNA,TRANSCRIPTOMIC,SINGLE,0,ILLUMINA,Illumina Genome Analyzer II,SRP001537,GEO Series accession: GSE18508,20921232,168994,SRS008459,,7227,Drosophila melanogaster,Drosophila melanogaster,SRA010243,public
SRR031743,2009-12-16 11:59:13,8841916,663143700,75,666,,ftp://ftp-private.ncbi.nlm.nih.gov/sra/sra-instant/reads/ByRun/sra/SRR/SRR031/SRR031743/SRR031743.sra,SRX014471,S2_DRSC_CG16901_RNAi-1,RNA-Seq,cDNA,TRANSCRIPTOMIC,SINGLE,0,ILLUMINA,Illumina Genome Analyzer II,SRP001537,GEO Series accession: GSE18508,20921232,168994,SRS008459,,7227,Drosophila melanogaster,Drosophila melanogaster,SRA010243,public
SRR031744,2009-12-16 11:16:46,4998562,374892150,75,376,,ftp://ftp-private.ncbi.nlm.nih.gov/sra/sra-instant/reads/ByRun/sra/SRR/SRR031/SRR031744/SRR031744.sra,SRX014472,S2_DRSC_CG13425_RNAi-1,RNA-Seq,cDNA,TRANSCRIPTOMIC,SINGLE,0,ILLUMINA,Illumina Genome Analyzer II,SRP001537,GEO Series accession: GSE18508,20921232,168994,SRS008460,,7227,Drosophila melanogaster,Drosophila melanogaster,SRA010243,public
SRR031745,2009-12-16 11:59:45,7542113,565658475,75,568,,ftp://ftp-private.ncbi.nlm.nih.gov/sra/sra-instant/reads/ByRun/sra/SRR/SRR031/SRR031745/SRR031745.sra,SRX014472,S2_DRSC_CG13425_RNAi-1,RNA-Seq,cDNA,TRANSCRIPTOMIC,SINGLE,0,ILLUMINA,Illumina Genome Analyzer II,SRP001537,GEO Series accession: GSE18508,20921232,168994,SRS008460,,7227,Drosophila melanogaster,Drosophila melanogaster,SRA010243,public
SRR031746,2009-12-16 11:17:59,6187015,464026125,75,466,,ftp://ftp-private.ncbi.nlm.nih.gov/sra/sra-instant/reads/ByRun/sra/SRR/SRR031/SRR031746/SRR031746.sra,SRX014473,S2_DRSC_CG30122_RNAi-1,RNA-Seq,cDNA,TRANSCRIPTOMIC,SINGLE,0,ILLUMINA,Illumina Genome Analyzer II,SRP001537,GEO Series accession: GSE18508,20921232,168994,SRS008461,,7227,Drosophila melanogaster,Drosophila melanogaster,SRA010243,public
SRR031747,2009-12-16 12:01:00,10610729,795804675,75,799,,ftp://ftp-private.ncbi.nlm.nih.gov/sra/sra-instant/reads/ByRun/sra/SRR/SRR031/SRR031747/SRR031747.sra,SRX014473,S2_DRSC_CG30122_RNAi-1,RNA-Seq,cDNA,TRANSCRIPTOMIC,SINGLE,0,ILLUMINA,Illumina Genome Analyzer II,SRP001537,GEO Series accession: GSE18508,20921232,168994,SRS008461,,7227,Drosophila melanogaster,Drosophila melanogaster,SRA010243,public
SRR031748,2009-12-16 11:19:15,5452203,408915225,75,410,,ftp://ftp-private.ncbi.nlm.nih.gov/sra/sra-instant/reads/ByRun/sra/SRR/SRR031/SRR031748/SRR031748.sra,SRX014474,S2_DRSC_CG4602_RNAi-1,RNA-Seq,cDNA,TRANSCRIPTOMIC,SINGLE,0,ILLUMINA,Illumina Genome Analyzer II,SRP001537,GEO Series accession: GSE18508,20921232,168994,SRS008462,,7227,Drosophila melanogaster,Drosophila melanogaster,SRA010243,public
SRR031749,2009-12-16 12:03:33,9369214,702691050,75,705,,ftp://ftp-private.ncbi.nlm.nih.gov/sra/sra-instant/reads/ByRun/sra/SRR/SRR031/SRR031749/SRR031749.sra,SRX014474,S2_DRSC_CG4602_RNAi-1,RNA-Seq,cDNA,TRANSCRIPTOMIC,SINGLE,0,ILLUMINA,Illumina Genome Analyzer II,SRP001537,GEO Series accession: GSE18508,20921232,168994,SRS008462,,7227,Drosophila melanogaster,Drosophila melanogaster,SRA010243,public
SRR031750,2009-12-16 11:19:40,4524312,339323400,75,340,,ftp://ftp-private.ncbi.nlm.nih.gov/sra/sra-instant/reads/ByRun/sra/SRR/SRR031/SRR031750/SRR031750.sra,SRX014475,S2_DRSC_CG5655_RNAi-1,RNA-Seq,cDNA,TRANSCRIPTOMIC,SINGLE,0,ILLUMINA,Illumina Genome Analyzer II,SRP001537,GEO Series accession: GSE18508,20921232,168994,SRS008463,,7227,Drosophila melanogaster,Drosophila melanogaster,SRA010243,public
SRR031751,2009-12-16 12:04:42,8493878,637040850,75,639,,ftp://ftp-private.ncbi.nlm.nih.gov/sra/sra-instant/reads/ByRun/sra/SRR/SRR031/SRR031751/SRR031751.sra,SRX014475,S2_DRSC_CG5655_RNAi-1,RNA-Seq,cDNA,TRANSCRIPTOMIC,SINGLE,0,ILLUMINA,Illumina Genome Analyzer II,SRP001537,GEO Series accession: GSE18508,20921232,168994,SRS008463,,7227,Drosophila melanogaster,Drosophila melanogaster,SRA010243,public
SRR031752,2009-12-16 11:21:13,7843046,588228450,75,590,,ftp://ftp-private.ncbi.nlm.nih.gov/sra/sra-instant/reads/ByRun/sra/SRR/SRR031/SRR031752/SRR031752.sra,SRX014476,S2_DRSC_CG1987_RNAi-1,RNA-Seq,cDNA,TRANSCRIPTOMIC,SINGLE,0,ILLUMINA,Illumina Genome Analyzer II,SRP001537,GEO Series accession: GSE18508,20921232,168994,SRS008464,,7227,Drosophila melanogaster,Drosophila melanogaster,SRA010243,public
SRR031753,2009-12-16 12:05:08,9724993,729374475,75,732,,ftp://ftp-private.ncbi.nlm.nih.gov/sra/sra-instant/reads/ByRun/sra/SRR/SRR031/SRR031753/SRR031753.sra,SRX014476,S2_DRSC_CG1987_RNAi-1,RNA-Seq,cDNA,TRANSCRIPTOMIC,SINGLE,0,ILLUMINA,Illumina Genome Analyzer II,SRP001537,GEO Series accession: GSE18508,20921232,168994,SRS008464,,7227,Drosophila melanogaster,Drosophila melanogaster,SRA010243,public
SRR031754,2009-12-16 11:22:07,7820883,586566225,75,589,,ftp://ftp-private.ncbi.nlm.nih.gov/sra/sra-instant/reads/ByRun/sra/SRR/SRR031/SRR031754/SRR031754.sra,SRX014477,S2_DRSC_CG10203_RNAi-1,RNA-Seq,cDNA,TRANSCRIPTOMIC,SINGLE,0,ILLUMINA,Illumina Genome Analyzer II,SRP001537,GEO Series accession: GSE18508,20921232,168994,SRS008465,,7227,Drosophila melanogaster,Drosophila melanogaster,SRA010243,public
SRR031755,2009-12-16 11:27:21,12219625,916471875,75,920,,ftp://ftp-private.ncbi.nlm.nih.gov/sra/sra-instant/reads/ByRun/sra/SRR/SRR031/SRR031755/SRR031755.sra,SRX014477,S2_DRSC_CG10203_RNAi-1,RNA-Seq,cDNA,TRANSCRIPTOMIC,SINGLE,0,ILLUMINA,Illumina Genome Analyzer II,SRP001537,GEO Series accession: GSE18508,20921232,168994,SRS008465,,7227,Drosophila melanogaster,Drosophila melanogaster,SRA010243,public
SRR031756,2009-12-16 11:23:07,7218850,541413750,75,543,,ftp://ftp-private.ncbi.nlm.nih.gov/sra/sra-instant/reads/ByRun/sra/SRR/SRR031/SRR031756/SRR031756.sra,SRX014478,S2_DRSC_CG17136_RNAi-1,RNA-Seq,cDNA,TRANSCRIPTOMIC,SINGLE,0,ILLUMINA,Illumina Genome Analyzer II,SRP001537,GEO Series accession: GSE18508,20921232,168994,SRS008466,,7227,Drosophila melanogaster,Drosophila melanogaster,SRA010243,public
SRR031757,2009-12-16 11:28:38,11661577,874618275,75,878,,ftp://ftp-private.ncbi.nlm.nih.gov/sra/sra-instant/reads/ByRun/sra/SRR/SRR031/SRR031757/SRR031757.sra,SRX014478,S2_DRSC_CG17136_RNAi-1,RNA-Seq,cDNA,TRANSCRIPTOMIC,SINGLE,0,ILLUMINA,Illumina Genome Analyzer II,SRP001537,GEO Series accession: GSE18508,20921232,168994,SRS008466,,7227,Drosophila melanogaster,Drosophila melanogaster,SRA010243,public
SRR031758,2009-12-16 11:22:56,5597648,419823600,75,421,,ftp://ftp-private.ncbi.nlm.nih.gov/sra/sra-instant/reads/ByRun/sra/SRR/SRR031/SRR031758/SRR031758.sra,SRX014479,S2_DRSC_CG5442_RNAi-1,RNA-Seq,cDNA,TRANSCRIPTOMIC,SINGLE,0,ILLUMINA,Illumina Genome Analyzer II,SRP001537,GEO Series accession: GSE18508,20921232,168994,SRS008467,,7227,Drosophila melanogaster,Drosophila melanogaster,SRA010243,public
SRR031759,2009-12-16 11:30:14,11348041,851103075,75,854,,ftp://ftp-private.ncbi.nlm.nih.gov/sra/sra-instant/reads/ByRun/sra/SRR/SRR031/SRR031759/SRR031759.sra,SRX014479,S2_DRSC_CG5442_RNAi-1,RNA-Seq,cDNA,TRANSCRIPTOMIC,SINGLE,0,ILLUMINA,Illumina Genome Analyzer II,SRP001537,GEO Series accession: GSE18508,20921232,168994,SRS008467,,7227,Drosophila melanogaster,Drosophila melanogaster,SRA010243,public
SRR031760,2009-12-16 11:24:31,5900072,442505400,75,444,,ftp://ftp-private.ncbi.nlm.nih.gov/sra/sra-instant/reads/ByRun/sra/SRR/SRR031/SRR031760/SRR031760.sra,SRX014480,S2_DRSC_CG10851_RNAi-1,RNA-Seq,cDNA,TRANSCRIPTOMIC,SINGLE,0,ILLUMINA,Illumina Genome Analyzer II,SRP001537,GEO Series accession: GSE18508,20921232,168994,SRS008468,,7227,Drosophila melanogaster,Drosophila melanogaster,SRA010243,public
SRR031761,2009-12-16 11:31:07,7661879,574640925,75,577,,ftp://ftp-private.ncbi.nlm.nih.gov/sra/sra-instant/reads/ByRun/sra/SRR/SRR031/SRR031761/SRR031761.sra,SRX014480,S2_DRSC_CG10851_RNAi-1,RNA-Seq,cDNA,TRANSCRIPTOMIC,SINGLE,0,ILLUMINA,Illumina Genome Analyzer II,SRP001537,GEO Series accession: GSE18508,20921232,168994,SRS008468,,7227,Drosophila melanogaster,Drosophila melanogaster,SRA010243,public
SRR031762,2009-12-16 11:42:45,12418580,931393500,75,935,,ftp://ftp-private.ncbi.nlm.nih.gov/sra/sra-instant/reads/ByRun/sra/SRR/SRR031/SRR031762/SRR031762.sra,SRX014481,S2_DRSC_CG18426_RNAi-1,RNA-Seq,cDNA,TRANSCRIPTOMIC,SINGLE,0,ILLUMINA,Illumina Genome Analyzer II,SRP001537,GEO Series accession: GSE18508,20921232,168994,SRS008469,,7227,Drosophila melanogaster,Drosophila melanogaster,SRA010243,public
SRR031763,2009-12-16 13:47:09,8416587,631244025,75,634,,ftp://ftp-private.ncbi.nlm.nih.gov/sra/sra-instant/reads/ByRun/sra/SRR/SRR031/SRR031763/SRR031763.sra,SRX014481,S2_DRSC_CG18426_RNAi-1,RNA-Seq,cDNA,TRANSCRIPTOMIC,SINGLE,0,ILLUMINA,Illumina Genome Analyzer II,SRP001537,GEO Series accession: GSE18508,20921232,168994,SRS008469,,7227,Drosophila melanogaster,Drosophila melanogaster,SRA010243,public
SRR031764,2009-12-16 11:44:11,10106573,757992975,75,761,,ftp://ftp-private.ncbi.nlm.nih.gov/sra/sra-instant/reads/ByRun/sra/SRR/SRR031/SRR031764/SRR031764.sra,SRX014482,S2_DRSC_CG7971_RNAi-1,RNA-Seq,cDNA,TRANSCRIPTOMIC,SINGLE,0,ILLUMINA,Illumina Genome Analyzer II,SRP001537,GEO Series accession: GSE18508,20921232,168994,SRS008470,,7227,Drosophila melanogaster,Drosophila melanogaster,SRA010243,public
SRR031765,2009-12-16 13:48:01,7587607,569070525,75,571,,ftp://ftp-private.ncbi.nlm.nih.gov/sra/sra-instant/reads/ByRun/sra/SRR/SRR031/SRR031765/SRR031765.sra,SRX014482,S2_DRSC_CG7971_RNAi-1,RNA-Seq,cDNA,TRANSCRIPTOMIC,SINGLE,0,ILLUMINA,Illumina Genome Analyzer II,SRP001537,GEO Series accession: GSE18508,20921232,168994,SRS008470,,7227,Drosophila melanogaster,Drosophila melanogaster,SRA010243,public
SRR031766,2009-12-16 11:45:58,12627540,947065500,75,951,,ftp://ftp-private.ncbi.nlm.nih.gov/sra/sra-instant/reads/ByRun/sra/SRR/SRR031/SRR031766/SRR031766.sra,SRX014483,S2_DRSC_CG10128_RNAi-1,RNA-Seq,cDNA,TRANSCRIPTOMIC,SINGLE,0,ILLUMINA,Illumina Genome Analyzer II,SRP001537,GEO Series accession: GSE18508,20921232,168994,SRS008471,,7227,Drosophila melanogaster,Drosophila melanogaster,SRA010243,public
SRR031767,2009-12-16 12:06:24,7773913,583043475,75,585,,ftp://ftp-private.ncbi.nlm.nih.gov/sra/sra-instant/reads/ByRun/sra/SRR/SRR031/SRR031767/SRR031767.sra,SRX014483,S2_DRSC_CG10128_RNAi-1,RNA-Seq,cDNA,TRANSCRIPTOMIC,SINGLE,0,ILLUMINA,Illumina Genome Analyzer II,SRP001537,GEO Series accession: GSE18508,20921232,168994,SRS008471,,7227,Drosophila melanogaster,Drosophila melanogaster,SRA010243,public
SRR031768,2009-12-16 11:48:31,12401904,930142800,75,934,,ftp://ftp-private.ncbi.nlm.nih.gov/sra/sra-instant/reads/ByRun/sra/SRR/SRR031/SRR031768/SRR031768.sra,SRX014484,S2_DRSC_CG31000_RNAi-1,RNA-Seq,cDNA,TRANSCRIPTOMIC,SINGLE,0,ILLUMINA,Illumina Genome Analyzer II,SRP001537,GEO Series accession: GSE18508,20921232,168994,SRS008472,,7227,Drosophila melanogaster,Drosophila melanogaster,SRA010243,public
SRR031769,2009-12-16 12:07:41,7930037,594752775,75,597,,ftp://ftp-private.ncbi.nlm.nih.gov/sra/sra-instant/reads/ByRun/sra/SRR/SRR031/SRR031769/SRR031769.sra,SRX014484,S2_DRSC_CG31000_RNAi-1,RNA-Seq,cDNA,TRANSCRIPTOMIC,SINGLE,0,ILLUMINA,Illumina Genome Analyzer II,SRP001537,GEO Series accession: GSE18508,20921232,168994,SRS008472,,7227,Drosophila melanogaster,Drosophila melanogaster,SRA010243,public
SRR031770,2009-12-16 11:50:06,13148076,986105700,75,990,,ftp://ftp-private.ncbi.nlm.nih.gov/sra/sra-instant/reads/ByRun/sra/SRR/SRR031/SRR031770/SRR031770.sra,SRX014485,S2_DRSC_CG7437_RNAi-1,RNA-Seq,cDNA,TRANSCRIPTOMIC,SINGLE,0,ILLUMINA,Illumina Genome Analyzer II,SRP001537,GEO Series accession: GSE18508,20921232,168994,SRS008473,,7227,Drosophila melanogaster,Drosophila melanogaster,SRA010243,public
SRR031771,2009-12-16 12:09:07,8263953,619796475,75,622,,ftp://ftp-private.ncbi.nlm.nih.gov/sra/sra-instant/reads/ByRun/sra/SRR/SRR031/SRR031771/SRR031771.sra,SRX014485,S2_DRSC_CG7437_RNAi-1,RNA-Seq,cDNA,TRANSCRIPTOMIC,SINGLE,0,ILLUMINA,Illumina Genome Analyzer II,SRP001537,GEO Series accession: GSE18508,20921232,168994,SRS008473,,7227,Drosophila melanogaster,Drosophila melanogaster,SRA010243,public
SRR031772,2009-12-16 11:56:26,13419254,1006444050,75,1011,,ftp://ftp-private.ncbi.nlm.nih.gov/sra/sra-instant/reads/ByRun/sra/SRR/SRR031/SRR031772/SRR031772.sra,SRX014486,S2_DRSC_CG1559_RNAi-1,RNA-Seq,cDNA,TRANSCRIPTOMIC,SINGLE,0,ILLUMINA,Illumina Genome Analyzer II,SRP001537,GEO Series accession: GSE18508,20921232,168994,SRS008474,,7227,Drosophila melanogaster,Drosophila melanogaster,SRA010243,public
SRR031773,2009-12-16 12:10:30,8298375,622378125,75,625,,ftp://ftp-private.ncbi.nlm.nih.gov/sra/sra-instant/reads/ByRun/sra/SRR/SRR031/SRR031773/SRR031773.sra,SRX014486,S2_DRSC_CG1559_RNAi-1,RNA-Seq,cDNA,TRANSCRIPTOMIC,SINGLE,0,ILLUMINA,Illumina Genome Analyzer II,SRP001537,GEO Series accession: GSE18508,20921232,168994,SRS008474,,7227,Drosophila melanogaster,Drosophila melanogaster,SRA010243,public
SRR031774,2009-12-16 11:57:28,12430115,932258625,75,936,,ftp://ftp-private.ncbi.nlm.nih.gov/sra/sra-instant/reads/ByRun/sra/SRR/SRR031/SRR031774/SRR031774.sra,SRX014487,S2_DRSC_CG5821_RNAi-1,RNA-Seq,cDNA,TRANSCRIPTOMIC,SINGLE,0,ILLUMINA,Illumina Genome Analyzer II,SRP001537,GEO Series accession: GSE18508,20921232,168994,SRS008475,,7227,Drosophila melanogaster,Drosophila melanogaster,SRA010243,public
SRR031775,2009-12-16 12:30:35,8442045,633153375,75,636,,ftp://ftp-private.ncbi.nlm.nih.gov/sra/sra-instant/reads/ByRun/sra/SRR/SRR031/SRR031775/SRR031775.sra,SRX014487,S2_DRSC_CG5821_RNAi-1,RNA-Seq,cDNA,TRANSCRIPTOMIC,SINGLE,0,ILLUMINA,Illumina Genome Analyzer II,SRP001537,GEO Series accession: GSE18508,20921232,168994,SRS008475,,7227,Drosophila melanogaster,Drosophila melanogaster,SRA010243,public
SRR031776,2009-12-16 13:45:27,8643616,648271200,75,651,,ftp://ftp-private.ncbi.nlm.nih.gov/sra/sra-instant/reads/ByRun/sra/SRR/SRR031/SRR031776/SRR031776.sra,SRX014488,S2_DRSC_CG5836_RNAi-1,RNA-Seq,cDNA,TRANSCRIPTOMIC,SINGLE,0,ILLUMINA,Illumina Genome Analyzer II,SRP001537,GEO Series accession: GSE18508,20921232,168994,SRS008476,,7227,Drosophila melanogaster,Drosophila melanogaster,SRA010243,public
SRR031777,2009-12-17 02:02:30,9690759,726806925,75,730,,ftp://ftp-private.ncbi.nlm.nih.gov/sra/sra-instant/reads/ByRun/sra/SRR/SRR031/SRR031777/SRR031777.sra,SRX014488,S2_DRSC_CG5836_RNAi-1,RNA-Seq,cDNA,TRANSCRIPTOMIC,SINGLE,0,ILLUMINA,Illumina Genome Analyzer II,SRP001537,GEO Series accession: GSE18508,20921232,168994,SRS008476,,7227,Drosophila melanogaster,Drosophila melanogaster,SRA010243,public
SRR031778,2009-12-16 13:46:44,8193864,614539800,75,617,,ftp://ftp-private.ncbi.nlm.nih.gov/sra/sra-instant/reads/ByRun/sra/SRR/SRR031/SRR031778/SRR031778.sra,SRX014489,S2_DRSC_CG3249_RNAi-1,RNA-Seq,cDNA,TRANSCRIPTOMIC,SINGLE,0,ILLUMINA,Illumina Genome Analyzer II,SRP001537,GEO Series accession: GSE18508,20921232,168994,SRS008477,,7227,Drosophila melanogaster,Drosophila melanogaster,SRA010243,public
SRR031779,2009-12-16 13:50:22,8852300,663922500,75,666,,ftp://ftp-private.ncbi.nlm.nih.gov/sra/sra-instant/reads/ByRun/sra/SRR/SRR031/SRR031779/SRR031779.sra,SRX014489,S2_DRSC_CG3249_RNAi-1,RNA-Seq,cDNA,TRANSCRIPTOMIC,SINGLE,0,ILLUMINA,Illumina Genome Analyzer II,SRP001537,GEO Series accession: GSE18508,20921232,168994,SRS008477,,7227,Drosophila melanogaster,Drosophila melanogaster,SRA010243,public
